Timestamp, Temperature (ÂºC), Error,  Output power (W), PWM output, Current, PWM / Current
17:43:27.993, 22.81, 7.19, 8665.57, 255, -0.00, -212586.15
17:43:29.048, 22.78, 7.22, 144.82, 255, 4.09, 62.30
17:43:30.063, 22.78, 7.22, 144.45, 255, 4.09, 62.30
17:43:31.074, 22.78, 7.22, 144.45, 255, 4.09, 62.30
17:43:32.087, 22.78, 7.22, 144.45, 255, 4.06, 62.88
17:43:33.130, 22.80, 7.20, 143.74, 255, 4.09, 62.30
17:43:34.133, 22.83, 7.17, 143.19, 255, 4.09, 62.30
17:43:35.184, 22.85, 7.15, 142.74, 255, 4.09, 62.30
17:43:36.199, 22.85, 7.15, 143.14, 255, 4.06, 62.88
17:43:37.215, 22.86, 7.14, 142.53, 255, 4.09, 62.30
17:43:38.249, 22.86, 7.14, 142.72, 255, 4.09, 62.30
17:43:39.259, 22.86, 7.14, 142.72, 255, 4.09, 62.30
17:43:40.281, 22.86, 7.14, 142.72, 255, 4.09, 62.30
17:43:41.310, 22.86, 7.14, 142.72, 255, 4.09, 62.30
17:43:42.329, 22.86, 7.14, 142.72, 255, 4.09, 62.30
17:43:43.346, 22.86, 7.14, 142.72, 255, 4.09, 62.30
17:43:44.362, 22.86, 7.14, 142.72, 255, 4.09, 62.30
17:43:45.389, 22.89, 7.11, 141.93, 255, 4.09, 62.30
17:43:46.417, 22.94, 7.06, 140.69, 255, 4.09, 62.30
17:43:47.427, 22.95, 7.05, 140.88, 255, 4.09, 62.30
17:43:48.473, 22.95, 7.05, 140.98, 255, 4.09, 62.30
17:43:49.499, 22.95, 7.05, 140.98, 255, 4.09, 62.30
17:43:50.515, 22.95, 7.05, 140.98, 255, 4.09, 62.30
17:43:51.537, 22.97, 7.03, 140.51, 255, 4.09, 62.30
17:43:52.553, 23.04, 6.96, 138.54, 255, 4.09, 62.30
17:43:53.575, 23.04, 6.96, 139.25, 255, 4.09, 62.30
17:43:54.602, 23.04, 6.96, 139.25, 255, 4.09, 62.30
17:43:55.618, 23.05, 6.95, 138.77, 255, 4.09, 62.30
17:43:56.647, 23.09, 6.91, 137.75, 255, 4.09, 62.30
17:43:57.679, 23.12, 6.88, 137.20, 255, 4.09, 62.30
17:43:58.693, 23.12, 6.88, 137.51, 255, 4.09, 62.30
17:43:59.710, 23.19, 6.81, 135.46, 255, 4.09, 62.30
17:44:00.726, 23.21, 6.79, 135.59, 255, 4.09, 62.30
17:44:01.749, 23.23, 6.77, 135.30, 255, 4.09, 62.30
17:44:02.771, 23.30, 6.70, 133.32, 255, 4.09, 62.30
17:44:03.800, 23.30, 6.70, 134.03, 255, 4.09, 62.30
17:44:04.825, 23.37, 6.63, 131.90, 255, 4.09, 62.30
17:44:05.841, 23.39, 6.61, 132.14, 255, 4.09, 62.30
17:44:06.864, 23.40, 6.60, 131.74, 255, 4.09, 62.30
17:44:07.913, 23.47, 6.53, 129.87, 255, 4.09, 62.30
17:44:08.935, 23.47, 6.53, 130.55, 255, 4.09, 62.30
17:44:09.952, 23.56, 6.44, 127.94, 255, 4.09, 62.30
17:44:10.960, 23.56, 6.44, 128.81, 255, 4.09, 62.30
17:44:11.981, 23.62, 6.38, 126.91, 255, 4.09, 62.30
17:44:13.005, 23.65, 6.35, 126.83, 255, 4.09, 62.30
17:44:14.050, 23.69, 6.31, 125.64, 255, 4.13, 61.74
17:44:15.065, 23.73, 6.27, 124.92, 255, 4.09, 62.30
17:44:16.061, 23.77, 6.23, 124.37, 255, 4.09, 62.30
17:44:17.085, 23.82, 6.18, 123.02, 255, 4.09, 62.30
17:44:18.135, 23.84, 6.16, 123.10, 255, 4.09, 62.30
17:44:19.152, 23.91, 6.09, 121.11, 255, 4.13, 61.74
17:44:20.180, 23.92, 6.08, 121.51, 255, 4.09, 62.30
17:44:21.190, 24.00, 6.00, 119.31, 255, 4.09, 62.30
17:44:22.211, 24.03, 5.97, 119.20, 255, 4.09, 62.30
17:44:23.232, 24.08, 5.92, 117.74, 255, 4.09, 62.30
17:44:24.251, 24.12, 5.88, 117.13, 255, 4.13, 61.74
17:44:25.300, 24.17, 5.83, 116.10, 255, 4.09, 62.30
17:44:26.319, 24.24, 5.76, 114.50, 255, 4.13, 61.74
17:44:27.337, 24.26, 5.74, 114.64, 255, 4.13, 61.74
17:44:28.354, 24.33, 5.67, 112.67, 255, 4.13, 61.74
17:44:29.363, 24.35, 5.65, 112.91, 255, 4.13, 61.74
17:44:30.384, 24.43, 5.57, 110.43, 255, 4.13, 61.74
17:44:31.407, 24.44, 5.56, 111.23, 255, 4.13, 61.74
17:44:32.451, 24.52, 5.48, 108.70, 255, 4.09, 62.30
17:44:33.468, 24.54, 5.46, 108.91, 255, 4.13, 61.74
17:44:34.494, 24.61, 5.39, 107.13, 255, 4.13, 61.74
17:44:35.522, 24.68, 5.32, 105.63, 255, 4.13, 61.74
17:44:36.539, 24.70, 5.30, 105.87, 255, 4.13, 61.74
17:44:37.562, 24.79, 5.21, 103.39, 255, 4.13, 61.74
17:44:38.576, 24.79, 5.21, 104.27, 255, 4.13, 61.74
17:44:39.601, 24.87, 5.13, 101.63, 255, 4.13, 61.74
17:44:40.612, 24.94, 5.06, 100.42, 255, 4.13, 61.74
17:44:41.641, 24.96, 5.04, 100.56, 255, 4.13, 61.74
17:44:42.668, 25.05, 4.95, 98.09, 255, 4.13, 61.74
17:44:43.686, 25.12, 4.88, 97.05, 255, 4.13, 61.74
17:44:44.706, 25.14, 4.86, 96.97, 255, 4.13, 61.74
17:44:45.722, 25.23, 4.77, 94.56, 255, 4.13, 61.74
17:44:46.765, 25.28, 4.72, 93.91, 255, 4.13, 61.74
17:44:47.782, 25.32, 4.68, 93.29, 255, 4.13, 61.74
17:44:48.794, 25.41, 4.59, 91.01, 255, 4.13, 61.74
17:44:49.815, 25.49, 4.51, 89.24, 255, 4.17, 61.18
17:44:50.837, 25.52, 4.48, 89.48, 255, 4.17, 61.18
17:44:51.888, 25.58, 4.42, 87.67, 255, 4.17, 61.18
17:44:52.903, 25.67, 4.33, 85.68, 255, 4.17, 61.18
17:44:53.922, 25.71, 4.29, 85.36, 255, 4.17, 61.18
17:44:54.947, 25.76, 4.24, 84.31, 255, 4.17, 61.18
17:44:55.973, 25.85, 4.15, 82.12, 255, 4.13, 61.74
17:44:56.979, 25.93, 4.07, 80.66, 255, 4.17, 61.18
17:44:58.006, 25.97, 4.03, 80.31, 255, 4.17, 61.18
17:44:59.016, 26.03, 3.97, 78.82, 255, 4.13, 61.74
17:45:00.073, 26.12, 3.88, 76.77, 255, 4.17, 61.18
17:45:01.066, 26.21, 3.79, 74.98, 255, 4.17, 61.18
17:45:02.087, 26.26, 3.74, 74.33, 255, 4.13, 61.74
17:45:03.102, 26.30, 3.70, 73.70, 255, 4.09, 62.30
17:45:04.159, 26.39, 3.61, 71.40, 255, 4.13, 61.74
17:45:05.174, 26.48, 3.52, 69.60, 255, 4.17, 61.18
17:45:06.174, 26.54, 3.46, 68.62, 255, 4.17, 61.18
17:45:07.224, 26.56, 3.44, 68.43, 255, 4.17, 61.18
17:45:08.240, 26.65, 3.35, 66.01, 255, 4.17, 61.18
17:45:09.239, 26.74, 3.26, 64.21, 255, 4.17, 61.18
17:45:10.289, 26.83, 3.17, 62.58, 255, 4.17, 61.18
17:45:11.299, 26.87, 3.13, 62.19, 255, 4.17, 61.18
17:45:12.316, 26.94, 3.06, 60.55, 255, 4.17, 61.18
17:45:13.337, 27.01, 2.99, 58.94, 255, 4.17, 61.18
17:45:14.387, 27.10, 2.90, 57.00, 255, 4.17, 61.18
17:45:15.374, 27.20, 2.80, 55.19, 255, 4.17, 61.18
17:45:16.425, 27.23, 2.77, 54.94, 255, 4.17, 61.18
17:45:17.446, 27.29, 2.71, 53.76, 255, 4.17, 61.18
17:45:18.469, 27.38, 2.62, 51.57, 255, 4.17, 61.18
17:45:19.491, 27.47, 2.53, 49.75, 255, 4.17, 61.18
17:45:20.508, 27.56, 2.44, 47.94, 255, 4.17, 61.18
17:45:21.533, 27.62, 2.38, 46.95, 255, 4.17, 61.18
17:45:22.551, 27.67, 2.33, 46.09, 255, 4.17, 61.18
17:45:23.565, 27.74, 2.26, 44.52, 255, 4.17, 61.18
17:45:24.611, 27.83, 2.17, 42.48, 255, 4.17, 61.18
17:45:25.603, 27.92, 2.08, 40.65, 255, 4.28, 59.57
17:45:26.654, 27.99, 2.01, 39.58, 255, 4.17, 61.18
17:45:27.647, 28.07, 1.93, 37.91, 255, 4.17, 61.18
17:45:28.697, 28.11, 1.89, 37.28, 255, 4.17, 61.18
17:45:29.707, 28.20, 1.80, 35.25, 233, 4.17, 55.90
17:45:30.723, 28.29, 1.71, 33.34, 233, 4.06, 57.46
17:45:31.746, 28.38, 1.62, 31.50, 233, 3.57, 65.32
17:45:32.791, 28.47, 1.53, 29.83, 212, 3.72, 57.03
17:45:33.819, 28.54, 1.46, 28.52, 212, 3.57, 59.43
17:45:34.828, 28.60, 1.40, 27.24, 212, 3.83, 55.35
17:45:35.838, 28.68, 1.32, 25.65, 212, 3.98, 53.26
17:45:36.860, 28.75, 1.25, 24.39, 191, 2.89, 66.07
17:45:37.911, 28.84, 1.16, 22.30, 191, 3.64, 52.44
17:45:38.926, 28.93, 1.07, 20.45, 191, 3.45, 55.29
17:45:39.942, 29.02, 0.98, 18.77, 170, 2.59, 65.63
17:45:40.957, 29.07, 0.93, 18.12, 170, 3.60, 47.16
17:45:41.974, 29.12, 0.88, 17.03, 170, 2.37, 71.88
17:45:42.990, 29.21, 0.79, 14.95, 148, 2.85, 51.87
17:45:44.046, 29.29, 0.71, 13.37, 148, 3.53, 41.93
17:45:45.056, 29.38, 0.62, 11.65, 127, 1.95, 65.06
17:45:46.077, 29.44, 0.56, 10.64, 127, 2.55, 49.75
17:45:47.093, 29.49, 0.51, 9.74, 127, 2.29, 55.46
17:45:48.116, 29.58, 0.42, 7.45, 106, 0.98, 108.68
17:45:49.138, 29.66, 0.34, 6.09, 106, 1.95, 54.31
17:45:50.151, 29.75, 0.25, 3.97, 85, 1.76, 48.18
17:45:51.176, 29.77, 0.23, 4.51, 85, 0.56, 151.19
17:45:52.191, 29.86, 0.14, 1.84, 63, 1.28, 49.38
17:45:53.235, 29.93, 0.07, 0.82, 42, 1.01, 41.46
17:45:54.264, 30.02, -0.02, -1.34, 0, 0.30, 0.00
17:45:55.291, 30.07, -0.07, -1.76, 0, -0.00, 0.00
17:45:56.299, 30.14, -0.14, -3.61, 0, 0.04, 0.00
17:45:57.335, 30.24, -0.24, -5.67, 0, 0.04, 0.00
17:45:58.350, 30.27, -0.27, -5.84, 0, 0.04, 0.00
17:45:59.359, 30.33, -0.33, -7.18, 0, 0.04, 0.00
17:46:00.406, 30.41, -0.41, -9.01, 0, -0.00, 0.00
17:46:01.416, 30.43, -0.43, -8.72, 0, -0.00, 0.00
17:46:02.439, 30.52, -0.52, -11.30, 0, -0.00, 0.00
17:46:03.452, 30.54, -0.54, -10.98, 0, -0.00, 0.00
17:46:04.474, 30.61, -0.61, -13.02, 0, -0.00, 0.00
17:46:05.485, 30.61, -0.61, -12.27, 0, -0.00, 0.00
17:46:06.515, 30.71, -0.71, -15.11, 0, -0.00, 0.00
17:46:07.529, 30.71, -0.71, -14.25, 0, -0.00, 0.00
17:46:08.578, 30.75, -0.75, -15.43, 0, -0.00, 0.00
17:46:09.596, 30.80, -0.80, -16.58, 0, 0.04, 0.00
17:46:10.616, 30.82, -0.82, -16.49, 0, -0.00, 0.00
17:46:11.626, 30.89, -0.89, -18.50, 0, -0.00, 0.00
17:46:12.677, 30.90, -0.90, -18.04, 0, -0.00, 0.00
17:46:13.692, 30.94, -0.94, -19.17, 0, -0.00, 0.00
17:46:14.710, 30.99, -0.99, -20.40, 0, -0.00, 0.00
17:46:15.720, 30.99, -0.99, -19.86, 0, 0.04, 0.00
17:46:16.746, 31.02, -1.02, -20.72, 0, 0.04, 0.00
17:46:17.779, 31.09, -1.09, -22.42, 0, 0.04, 0.00
17:46:18.801, 31.09, -1.09, -21.76, 0, 0.04, 0.00
17:46:19.823, 31.11, -1.11, -22.54, 0, -0.00, 0.00
17:46:20.840, 31.16, -1.16, -23.58, 0, -0.00, 0.00
17:46:21.855, 31.18, -1.18, -23.93, 0, 0.04, 0.00
17:46:22.876, 31.19, -1.19, -23.84, 0, -0.00, 0.00
17:46:23.918, 31.25, -1.25, -25.60, 0, 0.04, 0.00
17:46:24.928, 31.27, -1.27, -25.61, 0, 0.04, 0.00
17:46:25.941, 31.28, -1.28, -25.66, 0, 0.04, 0.00
17:46:26.987, 31.28, -1.28, -25.75, 0, -0.00, 0.00
17:46:28.010, 31.33, -1.33, -27.00, 0, -0.00, 0.00
17:46:29.020, 31.37, -1.37, -27.86, 0, -0.00, 0.00
17:46:30.045, 31.37, -1.37, -27.52, 0, -0.00, 0.00
17:46:31.057, 31.37, -1.37, -27.49, 0, 0.04, 0.00
17:46:32.072, 31.43, -1.43, -29.14, 0, -0.00, 0.00
17:46:33.124, 31.47, -1.47, -29.81, 0, -0.00, 0.00
17:46:34.119, 31.47, -1.47, -29.40, 0, -0.00, 0.00
17:46:35.160, 31.47, -1.47, -29.40, 0, -0.00, 0.00
17:46:36.190, 31.50, -1.50, -30.19, 0, -0.00, 0.00
17:46:37.216, 31.55, -1.55, -31.67, 0, -0.00, 0.00
17:46:38.214, 31.57, -1.57, -31.44, 0, -0.00, 0.00
17:46:39.253, 31.57, -1.57, -31.32, 0, -0.00, 0.00
17:46:40.271, 31.57, -1.57, -31.32, 0, 0.04, 0.00
17:46:41.297, 31.60, -1.60, -32.37, 0, -0.00, 0.00
17:46:42.319, 31.66, -1.66, -33.76, 0, -0.00, 0.00
17:46:43.354, 31.66, -1.66, -33.27, 0, -0.00, 0.00
17:46:44.359, 31.66, -1.66, -33.24, 0, -0.00, 0.00
17:46:45.393, 31.66, -1.66, -33.24, 0, -0.00, 0.00
17:46:46.389, 31.72, -1.72, -34.99, 0, 0.04, 0.00
17:46:47.423, 31.75, -1.75, -35.37, 0, -0.00, 0.00
17:46:48.456, 31.76, -1.76, -35.22, 0, 0.04, 0.00
17:46:49.480, 31.76, -1.76, -35.16, 0, -0.00, 0.00
17:46:50.492, 31.76, -1.76, -35.25, 0, -0.00, 0.00
17:46:51.515, 31.79, -1.79, -36.18, 0, -0.00, 0.00
17:46:52.537, 31.84, -1.84, -37.35, 0, -0.00, 0.00
17:46:53.581, 31.85, -1.85, -37.21, 0, -0.00, 0.00
17:46:54.604, 31.85, -1.85, -37.09, 0, 0.04, 0.00
17:46:55.621, 31.85, -1.85, -37.09, 0, -0.00, 0.00
17:46:56.617, 31.86, -1.86, -37.26, 0, -0.00, 0.00
17:46:57.641, 31.91, -1.91, -38.61, 0, -0.00, 0.00
17:46:58.660, 31.93, -1.93, -38.75, 0, -0.00, 0.00
17:46:59.684, 31.95, -1.95, -39.25, 0, -0.00, 0.00
17:47:00.721, 31.95, -1.95, -39.02, 0, 0.04, 0.00
17:47:01.726, 31.95, -1.95, -39.02, 0, 0.04, 0.00
17:47:02.777, 31.98, -1.98, -39.98, 0, -0.00, 0.00
17:47:03.799, 32.01, -2.01, -40.54, 0, 0.04, 0.00
17:47:04.819, 32.02, -2.02, -40.51, 0, -0.00, 0.00
17:47:05.842, 32.05, -2.05, -41.21, 0, -0.00, 0.00
17:47:06.840, 32.05, -2.05, -40.95, 0, 0.04, 0.00
17:47:07.873, 32.05, -2.05, -40.95, 0, -0.00, 0.00
17:47:08.890, 32.05, -2.05, -40.95, 0, 0.04, 0.00
17:47:09.936, 32.10, -2.10, -42.44, 0, -0.00, 0.00
17:47:10.950, 32.11, -2.11, -42.39, 0, -0.00, 0.00
17:47:11.972, 32.13, -2.13, -42.77, 0, -0.00, 0.00
17:47:13.005, 32.14, -2.14, -43.03, 0, -0.00, 0.00
17:47:14.024, 32.14, -2.14, -42.88, 0, 0.04, 0.00
17:47:15.021, 32.14, -2.14, -42.88, 0, -0.00, 0.00
17:47:16.042, 32.15, -2.15, -42.97, 0, -0.00, 0.00
17:47:17.092, 32.15, -2.15, -42.94, 0, -0.00, 0.00
17:47:18.113, 32.17, -2.17, -43.74, 0, -0.00, 0.00
17:47:19.135, 32.19, -2.19, -44.09, 0, 0.04, 0.00
17:47:20.152, 32.21, -2.21, -44.41, 0, -0.00, 0.00
17:47:21.166, 32.24, -2.24, -45.12, 0, -0.00, 0.00
17:47:22.184, 32.24, -2.24, -44.82, 0, 0.04, 0.00
17:47:23.235, 32.24, -2.24, -44.82, 0, -0.00, 0.00
17:47:24.252, 32.24, -2.24, -44.82, 0, 0.04, 0.00
17:47:25.267, 32.28, -2.28, -45.88, 0, -0.00, 0.00
17:47:26.287, 32.28, -2.28, -45.62, 0, -0.00, 0.00
17:47:27.310, 32.28, -2.28, -45.59, 0, -0.00, 0.00
17:47:28.328, 32.32, -2.32, -46.91, 0, -0.00, 0.00
17:47:29.350, 32.32, -2.32, -46.47, 0, -0.00, 0.00
17:47:30.374, 32.34, -2.34, -46.91, 0, -0.00, 0.00
17:47:31.408, 32.34, -2.34, -46.76, 0, -0.00, 0.00
17:47:32.423, 32.34, -2.34, -46.85, 0, -0.00, 0.00
17:47:33.448, 32.34, -2.34, -46.73, 0, -0.00, 0.00
17:47:34.472, 32.34, -2.34, -46.76, 0, -0.00, 0.00
17:47:35.476, 32.36, -2.36, -47.56, 0, -0.00, 0.00
17:47:36.506, 32.35, -2.35, -46.76, 0, -0.00, 0.00
17:47:37.525, 32.42, -2.42, -49.24, 0, -0.00, 0.00
17:47:38.571, 32.42, -2.42, -48.38, 0, -0.00, 0.00
17:47:39.591, 32.42, -2.42, -48.41, 0, -0.00, 0.00
17:47:40.614, 32.44, -2.44, -48.85, 0, -0.00, 0.00
17:47:41.630, 32.44, -2.44, -48.71, 0, -0.00, 0.00
17:47:42.646, 32.44, -2.44, -48.71, 0, -0.00, 0.00
17:47:43.662, 32.44, -2.44, -48.79, 0, 0.04, 0.00
17:47:44.678, 32.44, -2.44, -48.68, 0, -0.00, 0.00
17:47:45.728, 32.45, -2.45, -49.06, 0, -0.00, 0.00
17:47:46.747, 32.49, -2.49, -50.09, 0, -0.00, 0.00
17:47:47.755, 32.49, -2.49, -49.89, 0, 0.04, 0.00
17:47:48.783, 32.51, -2.51, -50.53, 0, -0.00, 0.00
17:47:49.811, 32.53, -2.53, -50.83, 0, -0.00, 0.00
17:47:50.834, 32.50, -2.50, -49.59, 0, -0.00, 0.00
17:47:51.859, 32.53, -2.53, -51.01, 0, 0.04, 0.00
17:47:52.875, 32.53, -2.53, -50.65, 0, -0.00, 0.00
17:47:53.897, 32.53, -2.53, -50.65, 0, -0.00, 0.00
17:47:54.918, 32.56, -2.56, -51.54, 0, -0.04, 0.00
17:47:55.946, 32.53, -2.53, -50.36, 0, -0.00, 0.00
17:47:56.962, 32.53, -2.53, -50.65, 0, -0.00, 0.00
17:47:57.983, 32.54, -2.54, -51.01, 0, 0.04, 0.00
17:47:59.020, 32.62, -2.62, -53.02, 0, -0.00, 0.00
17:48:00.018, 32.59, -2.59, -51.51, 0, -0.00, 0.00
17:48:01.046, 32.57, -2.57, -51.07, 0, -0.00, 0.00
17:48:02.071, 32.63, -2.63, -53.25, 0, -0.00, 0.00
17:48:03.115, 32.59, -2.59, -51.27, 0, -0.00, 0.00
17:48:04.114, 32.59, -2.59, -51.72, 0, -0.00, 0.00
17:48:05.141, 32.62, -2.62, -52.69, 0, -0.00, 0.00
17:48:06.168, 32.63, -2.63, -52.72, 0, 0.04, 0.00
17:48:07.191, 32.64, -2.64, -52.96, 0, -0.00, 0.00
17:48:08.206, 32.63, -2.63, -52.40, 0, 0.04, 0.00
17:48:09.228, 32.63, -2.63, -52.63, 0, -0.00, 0.00
17:48:10.242, 32.63, -2.63, -52.60, 0, -0.00, 0.00
17:48:11.298, 32.63, -2.63, -52.60, 0, -0.00, 0.00
17:48:12.287, 32.63, -2.63, -52.60, 0, 0.04, 0.00
17:48:13.333, 32.63, -2.63, -52.60, 0, 0.04, 0.00
17:48:14.355, 32.63, -2.63, -52.69, 0, 0.04, 0.00
17:48:15.371, 32.63, -2.63, -52.57, 0, -0.00, 0.00
17:48:16.386, 32.63, -2.63, -52.60, 0, -0.00, 0.00
17:48:17.413, 32.65, -2.65, -53.13, 0, -0.00, 0.00
17:48:18.451, 32.64, -2.64, -52.69, 0, 0.04, 0.00
17:48:19.475, 32.66, -2.66, -53.40, 0, -0.00, 0.00
17:48:20.479, 32.68, -2.68, -53.73, 0, -0.00, 0.00
17:48:21.509, 32.63, -2.63, -52.13, 0, -0.00, 0.00
17:48:22.523, 32.67, -2.67, -53.84, 0, -0.00, 0.00
17:48:23.539, 32.67, -2.67, -53.34, 0, -0.00, 0.00
17:48:24.588, 32.69, -2.69, -54.08, 0, -0.00, 0.00
17:48:25.586, 32.70, -2.70, -54.20, 0, -0.00, 0.00
17:48:26.614, 32.72, -2.72, -54.61, 0, 0.04, 0.00
17:48:27.652, 32.72, -2.72, -54.26, 0, -0.00, 0.00
17:48:28.668, 32.73, -2.73, -54.67, 0, -0.00, 0.00
17:48:29.678, 32.72, -2.72, -54.47, 0, 0.04, 0.00
17:48:30.726, 32.72, -2.72, -54.41, 0, -0.00, 0.00
17:48:31.742, 32.73, -2.73, -54.61, 0, -0.00, 0.00
17:48:32.756, 32.73, -2.73, -54.56, 0, -0.00, 0.00
17:48:33.790, 32.73, -2.73, -54.56, 0, -0.00, 0.00
17:48:34.812, 32.73, -2.73, -54.56, 0, -0.00, 0.00
17:48:35.833, 32.73, -2.73, -54.56, 0, 0.04, 0.00
17:48:36.848, 32.73, -2.73, -54.56, 0, -0.00, 0.00
17:48:37.870, 32.73, -2.73, -54.56, 0, -0.00, 0.00
17:48:38.899, 32.73, -2.73, -54.56, 0, 0.04, 0.00
17:48:39.928, 32.73, -2.73, -54.56, 0, 0.04, 0.00
17:48:40.944, 32.73, -2.73, -54.56, 0, -0.00, 0.00
17:48:41.963, 32.73, -2.73, -54.56, 0, -0.00, 0.00
17:48:42.974, 32.73, -2.73, -54.56, 0, -0.00, 0.00
17:48:44.018, 32.73, -2.73, -54.56, 0, -0.00, 0.00
17:48:45.040, 32.74, -2.74, -54.82, 0, 0.04, 0.00
17:48:46.064, 32.73, -2.73, -54.47, 0, -0.00, 0.00
17:48:47.087, 32.73, -2.73, -54.56, 0, 0.04, 0.00
17:48:48.100, 32.73, -2.73, -54.56, 0, -0.00, 0.00
17:48:49.130, 32.73, -2.73, -54.56, 0, -0.00, 0.00
17:48:50.155, 32.73, -2.73, -54.56, 0, 0.04, 0.00
17:48:51.147, 32.73, -2.73, -54.56, 0, -0.00, 0.00
17:48:52.198, 32.73, -2.73, -54.56, 0, -0.00, 0.00
17:48:53.222, 32.73, -2.73, -54.56, 0, 0.04, 0.00
17:48:54.243, 32.73, -2.73, -54.56, 0, -0.00, 0.00
17:48:55.240, 32.74, -2.74, -54.91, 0, -0.00, 0.00
17:48:56.275, 32.73, -2.73, -54.44, 0, -0.00, 0.00
17:48:57.300, 32.73, -2.73, -54.56, 0, -0.00, 0.00
17:48:58.316, 32.73, -2.73, -54.64, 0, -0.00, 0.00
17:48:59.344, 32.73, -2.73, -54.53, 0, 0.04, 0.00
17:49:00.354, 32.73, -2.73, -54.56, 0, -0.00, 0.00
17:49:01.398, 32.73, -2.73, -54.56, 0, 0.04, 0.00
17:49:02.421, 32.73, -2.73, -54.56, 0, -0.00, 0.00
17:49:03.440, 32.73, -2.73, -54.56, 0, -0.00, 0.00
17:49:04.470, 32.73, -2.73, -54.56, 0, -0.00, 0.00
17:49:05.486, 32.73, -2.73, -54.73, 0, -0.00, 0.00
17:49:06.500, 32.73, -2.73, -54.50, 0, 0.04, 0.00
17:49:07.517, 32.73, -2.73, -54.56, 0, -0.00, 0.00
17:49:08.556, 32.73, -2.73, -54.56, 0, 0.04, 0.00
17:49:09.587, 32.74, -2.74, -54.82, 0, -0.00, 0.00
17:49:10.581, 32.73, -2.73, -54.47, 0, -0.00, 0.00
17:49:11.616, 32.73, -2.73, -54.56, 0, -0.00, 0.00
17:49:12.638, 32.73, -2.73, -54.64, 0, 0.04, 0.00
17:49:13.665, 32.73, -2.73, -54.53, 0, -0.00, 0.00
17:49:14.689, 32.73, -2.73, -54.56, 0, -0.00, 0.00
17:49:15.719, 32.73, -2.73, -54.56, 0, -0.00, 0.00
17:49:16.729, 32.73, -2.73, -54.56, 0, -0.00, 0.00
17:49:17.761, 32.73, -2.73, -54.56, 0, -0.00, 0.00
17:49:18.762, 32.73, -2.73, -54.56, 0, -0.00, 0.00
17:49:19.792, 32.73, -2.73, -54.56, 0, 0.04, 0.00
17:49:20.805, 32.73, -2.73, -54.73, 0, -0.00, 0.00
17:49:21.840, 32.73, -2.73, -54.50, 0, -0.00, 0.00
17:49:22.878, 32.73, -2.73, -54.56, 0, -0.00, 0.00
17:49:23.905, 32.73, -2.73, -54.56, 0, -0.00, 0.00
17:49:24.915, 32.73, -2.73, -54.56, 0, 0.04, 0.00
17:49:25.930, 32.73, -2.73, -54.56, 0, -0.00, 0.00
17:49:26.953, 32.73, -2.73, -54.56, 0, -0.00, 0.00
17:49:27.974, 32.73, -2.73, -54.56, 0, -0.00, 0.00
17:49:28.992, 32.73, -2.73, -54.56, 0, -0.00, 0.00
17:49:30.006, 32.73, -2.73, -54.56, 0, -0.00, 0.00
17:49:31.040, 32.73, -2.73, -54.56, 0, -0.00, 0.00
17:49:32.062, 32.73, -2.73, -54.56, 0, -0.00, 0.00
17:49:33.082, 32.73, -2.73, -54.56, 0, -0.00, 0.00
17:49:34.095, 32.73, -2.73, -54.56, 0, -0.00, 0.00
17:49:35.132, 32.73, -2.73, -54.56, 0, -0.00, 0.00
17:49:36.165, 32.73, -2.73, -54.56, 0, -0.00, 0.00
17:49:37.182, 32.73, -2.73, -54.56, 0, -0.00, 0.00
17:49:38.197, 32.73, -2.73, -54.56, 0, -0.00, 0.00
17:49:39.237, 32.73, -2.73, -54.56, 0, -0.00, 0.00
17:49:40.252, 32.73, -2.73, -54.56, 0, -0.00, 0.00
17:49:41.274, 32.72, -2.72, -54.29, 0, 0.04, 0.00
17:49:42.307, 32.73, -2.73, -54.64, 0, -0.00, 0.00
17:49:43.327, 32.72, -2.72, -54.29, 0, -0.00, 0.00
17:49:44.322, 32.69, -2.69, -53.49, 0, -0.00, 0.00
17:49:45.349, 32.70, -2.70, -54.23, 0, 0.04, 0.00
17:49:46.371, 32.70, -2.70, -53.90, 0, -0.00, 0.00
17:49:47.395, 32.71, -2.71, -54.23, 0, -0.00, 0.00
17:49:48.417, 32.71, -2.71, -54.23, 0, -0.00, 0.00
17:49:49.436, 32.68, -2.68, -53.31, 0, -0.00, 0.00
17:49:50.464, 32.68, -2.68, -53.52, 0, -0.00, 0.00
17:49:51.488, 32.68, -2.68, -53.55, 0, -0.00, 0.00
17:49:52.513, 32.67, -2.67, -53.46, 0, -0.00, 0.00
17:49:53.535, 32.66, -2.66, -53.13, 0, -0.00, 0.00
17:49:54.562, 32.67, -2.67, -53.61, 0, -0.00, 0.00
17:49:55.584, 32.64, -2.64, -52.42, 0, -0.00, 0.00
17:49:56.610, 32.64, -2.64, -52.96, 0, 0.04, 0.00
17:49:57.637, 32.65, -2.65, -52.99, 0, -0.00, 0.00
17:49:58.654, 32.63, -2.63, -52.51, 0, -0.00, 0.00
17:49:59.678, 32.63, -2.63, -52.57, 0, -0.00, 0.00
17:50:00.692, 32.63, -2.63, -52.60, 0, -0.00, 0.00
17:50:01.725, 32.63, -2.63, -52.60, 0, -0.00, 0.00
17:50:02.759, 32.63, -2.63, -52.60, 0, 0.04, 0.00
17:50:03.770, 32.63, -2.63, -52.60, 0, -0.00, 0.00
17:50:04.793, 32.63, -2.63, -52.60, 0, -0.00, 0.00
17:50:05.819, 32.63, -2.63, -52.60, 0, -0.00, 0.00
17:50:06.852, 32.63, -2.63, -52.60, 0, -0.00, 0.00
17:50:07.876, 32.63, -2.63, -52.60, 0, -0.00, 0.00
17:50:08.895, 32.63, -2.63, -52.51, 0, -0.00, 0.00
17:50:09.916, 32.60, -2.60, -51.66, 0, -0.00, 0.00
17:50:10.932, 32.60, -2.60, -52.13, 0, -0.00, 0.00
17:50:11.959, 32.62, -2.62, -52.42, 0, -0.00, 0.00
17:50:12.982, 32.60, -2.60, -51.95, 0, 0.04, 0.00
17:50:14.003, 32.59, -2.59, -51.72, 0, -0.00, 0.00
17:50:15.034, 32.60, -2.60, -52.10, 0, -0.00, 0.00
17:50:16.037, 32.57, -2.57, -51.21, 0, -0.00, 0.00
17:50:17.081, 32.57, -2.57, -51.21, 0, -0.00, 0.00
17:50:18.072, 32.56, -2.56, -51.12, 0, -0.00, 0.00
17:50:19.123, 32.56, -2.56, -51.09, 0, -0.00, 0.00
17:50:20.116, 32.55, -2.55, -51.04, 0, -0.00, 0.00
17:50:21.171, 32.53, -2.53, -50.45, 0, -0.00, 0.00
17:50:22.159, 32.54, -2.54, -50.74, 0, -0.00, 0.00
17:50:23.188, 32.54, -2.54, -50.89, 0, 0.04, 0.00
17:50:24.239, 32.53, -2.53, -50.56, 0, -0.00, 0.00
17:50:25.254, 32.53, -2.53, -50.65, 0, -0.00, 0.00
17:50:26.258, 32.53, -2.53, -50.65, 0, 0.04, 0.00
17:50:27.292, 32.53, -2.53, -50.65, 0, -0.00, 0.00
17:50:28.314, 32.53, -2.53, -50.65, 0, -0.00, 0.00
17:50:29.328, 32.53, -2.53, -50.65, 0, -0.00, 0.00
17:50:30.349, 32.51, -2.51, -50.12, 0, -0.00, 0.00
17:50:31.401, 32.53, -2.53, -50.74, 0, -0.00, 0.00
17:50:32.388, 32.51, -2.51, -50.15, 0, -0.00, 0.00
17:50:33.416, 32.51, -2.51, -50.03, 0, -0.00, 0.00
17:50:34.438, 32.51, -2.51, -50.12, 0, -0.00, 0.00
17:50:35.465, 32.51, -2.51, -50.12, 0, -0.00, 0.00
17:50:36.493, 32.49, -2.49, -49.59, 0, -0.00, 0.00
17:50:37.529, 32.48, -2.48, -49.50, 0, -0.00, 0.00
17:50:38.542, 32.46, -2.46, -49.15, 0, -0.00, 0.00
17:50:39.551, 32.45, -2.45, -48.94, 0, -0.00, 0.00
17:50:40.573, 32.44, -2.44, -48.79, 0, -0.00, 0.00
17:50:41.607, 32.44, -2.44, -48.79, 0, -0.00, 0.00
17:50:42.633, 32.44, -2.44, -48.74, 0, -0.00, 0.00
17:50:43.651, 32.44, -2.44, -48.68, 0, 0.04, 0.00
17:50:44.696, 32.44, -2.44, -48.71, 0, -0.00, 0.00
17:50:45.692, 32.44, -2.44, -48.71, 0, -0.00, 0.00
17:50:46.728, 32.44, -2.44, -48.71, 0, -0.00, 0.00
17:50:47.751, 32.44, -2.44, -48.71, 0, -0.00, 0.00
17:50:48.777, 32.44, -2.44, -48.71, 0, -0.00, 0.00
17:50:49.793, 32.44, -2.44, -48.71, 0, -0.00, 0.00
17:50:50.796, 32.43, -2.43, -48.44, 0, -0.00, 0.00
17:50:51.815, 32.42, -2.42, -48.26, 0, -0.00, 0.00
17:50:52.867, 32.39, -2.39, -47.47, 0, -0.00, 0.00
17:50:53.861, 32.37, -2.37, -47.14, 0, -0.00, 0.00
17:50:54.919, 32.36, -2.36, -47.09, 0, -0.00, 0.00
17:50:55.940, 32.36, -2.36, -47.26, 0, -0.00, 0.00
17:50:56.955, 32.35, -2.35, -46.97, 0, -0.00, 0.00
17:50:57.971, 32.34, -2.34, -46.61, 0, -0.00, 0.00
17:50:58.988, 32.34, -2.34, -46.76, 0, -0.00, 0.00
17:51:00.009, 32.34, -2.34, -46.76, 0, -0.00, 0.00
17:51:01.032, 32.34, -2.34, -46.76, 0, -0.00, 0.00
17:51:02.047, 32.34, -2.34, -46.76, 0, 0.04, 0.00
17:51:03.069, 32.34, -2.34, -46.76, 0, 0.04, 0.00
17:51:04.089, 32.34, -2.34, -46.76, 0, -0.00, 0.00
17:51:05.140, 32.34, -2.34, -46.76, 0, -0.00, 0.00
17:51:06.151, 32.34, -2.34, -46.67, 0, -0.00, 0.00
17:51:07.172, 32.33, -2.33, -46.61, 0, -0.00, 0.00
17:51:08.189, 32.34, -2.34, -46.82, 0, 0.04, 0.00
17:51:09.222, 32.31, -2.31, -46.06, 0, -0.00, 0.00
17:51:10.235, 32.28, -2.28, -45.32, 0, -0.00, 0.00
17:51:11.277, 32.29, -2.29, -45.73, 0, -0.00, 0.00
17:51:12.275, 32.25, -2.25, -44.65, 0, 0.04, 0.00
17:51:13.296, 32.24, -2.24, -44.82, 0, -0.04, 0.00
17:51:14.324, 32.24, -2.24, -44.79, 0, 0.04, 0.00
17:51:15.365, 32.24, -2.24, -44.82, 0, -0.00, 0.00
17:51:16.374, 32.24, -2.24, -44.82, 0, -0.00, 0.00
17:51:17.403, 32.24, -2.24, -44.82, 0, -0.00, 0.00
17:51:18.424, 32.24, -2.24, -44.82, 0, -0.00, 0.00
17:51:19.456, 32.24, -2.24, -44.82, 0, -0.00, 0.00
17:51:20.450, 32.24, -2.24, -44.65, 0, -0.04, 0.00
17:51:21.478, 32.24, -2.24, -44.88, 0, -0.00, 0.00
17:51:22.510, 32.22, -2.22, -44.29, 0, -0.00, 0.00
17:51:23.546, 32.20, -2.20, -43.85, 0, 0.04, 0.00
17:51:24.544, 32.19, -2.19, -43.79, 0, 0.04, 0.00
17:51:25.572, 32.18, -2.18, -43.44, 0, -0.00, 0.00
17:51:26.607, 32.16, -2.16, -43.06, 0, 0.04, 0.00
17:51:27.619, 32.16, -2.16, -43.15, 0, -0.00, 0.00
17:51:28.633, 32.14, -2.14, -42.74, 0, -0.00, 0.00
17:51:29.681, 32.14, -2.14, -42.88, 0, 0.04, 0.00
17:51:30.678, 32.14, -2.14, -42.88, 0, -0.00, 0.00
17:51:31.723, 32.14, -2.14, -42.88, 0, -0.00, 0.00
17:51:32.737, 32.14, -2.14, -42.88, 0, -0.00, 0.00
17:51:33.760, 32.14, -2.14, -42.88, 0, -0.00, 0.00
17:51:34.782, 32.14, -2.14, -42.88, 0, -0.00, 0.00
17:51:35.803, 32.14, -2.14, -42.88, 0, -0.00, 0.00
17:51:36.830, 32.14, -2.14, -42.88, 0, -0.00, 0.00
17:51:37.842, 32.13, -2.13, -42.44, 0, 0.04, 0.00
17:51:38.876, 32.10, -2.10, -41.80, 0, -0.00, 0.00
17:51:39.908, 32.08, -2.08, -41.27, 0, 0.04, 0.00
17:51:40.918, 32.07, -2.07, -41.45, 0, 0.04, 0.00
17:51:41.928, 32.05, -2.05, -40.69, 0, -0.00, 0.00
17:51:42.949, 32.07, -2.07, -41.56, 0, 0.04, 0.00
17:51:43.983, 32.05, -2.05, -40.74, 0, 0.04, 0.00
17:51:45.011, 32.05, -2.05, -40.95, 0, -0.00, 0.00
17:51:46.044, 32.05, -2.05, -40.95, 0, -0.00, 0.00
17:51:47.039, 32.05, -2.05, -40.95, 0, -0.00, 0.00
17:51:48.085, 32.05, -2.05, -40.95, 0, -0.00, 0.00
17:51:49.084, 32.05, -2.05, -40.95, 0, -0.00, 0.00
17:51:50.117, 32.04, -2.04, -40.69, 0, -0.00, 0.00
17:51:51.127, 32.02, -2.02, -40.25, 0, -0.00, 0.00
17:51:52.162, 32.03, -2.03, -40.69, 0, -0.00, 0.00
17:51:53.184, 32.01, -2.01, -39.90, 0, -0.00, 0.00
17:51:54.217, 32.00, -2.00, -39.87, 0, -0.00, 0.00
17:51:55.244, 31.97, -1.97, -39.25, 0, -0.00, 0.00
17:51:56.249, 31.96, -1.96, -39.05, 0, -0.00, 0.00
17:51:57.276, 31.95, -1.95, -38.93, 0, 0.04, 0.00
17:51:58.306, 31.95, -1.95, -39.02, 0, -0.00, 0.00
17:51:59.316, 31.95, -1.95, -39.02, 0, -0.00, 0.00
17:52:00.348, 31.95, -1.95, -39.02, 0, -0.00, 0.00
17:52:01.361, 31.95, -1.95, -39.02, 0, -0.00, 0.00
17:52:02.381, 31.95, -1.95, -39.02, 0, -0.00, 0.00
17:52:03.410, 31.95, -1.95, -39.02, 0, -0.00, 0.00
17:52:04.436, 31.93, -1.93, -38.49, 0, -0.00, 0.00
17:52:05.465, 31.92, -1.92, -38.40, 0, -0.00, 0.00
17:52:06.504, 31.92, -1.92, -38.32, 0, -0.00, 0.00
17:52:07.494, 31.92, -1.92, -38.55, 0, -0.00, 0.00
17:52:08.537, 31.88, -1.88, -37.18, 0, -0.00, 0.00
17:52:09.545, 31.85, -1.85, -36.83, 0, -0.00, 0.00
17:52:10.567, 31.85, -1.85, -37.09, 0, -0.00, 0.00
17:52:11.589, 31.85, -1.85, -37.09, 0, -0.00, 0.00
17:52:12.613, 31.85, -1.85, -37.09, 0, -0.00, 0.00
17:52:13.637, 31.85, -1.85, -37.09, 0, -0.00, 0.00
17:52:14.655, 31.85, -1.85, -36.91, 0, 0.04, 0.00
17:52:15.701, 31.85, -1.85, -37.15, 0, -0.00, 0.00
17:52:16.714, 31.85, -1.85, -37.09, 0, -0.00, 0.00
17:52:17.735, 31.82, -1.82, -36.04, 0, -0.00, 0.00
17:52:18.753, 31.83, -1.83, -36.74, 0, -0.00, 0.00
17:52:19.770, 31.79, -1.79, -35.48, 0, -0.00, 0.00
17:52:20.809, 31.77, -1.77, -35.25, 0, -0.00, 0.00
17:52:21.809, 31.76, -1.76, -35.19, 0, -0.00, 0.00
17:52:22.858, 31.76, -1.76, -35.10, 0, -0.00, 0.00
17:52:23.879, 31.76, -1.76, -35.16, 0, -0.00, 0.00
17:52:24.902, 31.76, -1.76, -35.16, 0, -0.00, 0.00
17:52:25.922, 31.76, -1.76, -35.16, 0, -0.00, 0.00
17:52:26.922, 31.76, -1.76, -35.16, 0, 0.04, 0.00
17:52:27.973, 31.76, -1.76, -35.16, 0, -0.00, 0.00
17:52:28.990, 31.75, -1.75, -34.90, 0, -0.00, 0.00
17:52:30.005, 31.70, -1.70, -33.59, 0, -0.00, 0.00
17:52:31.021, 31.71, -1.71, -34.14, 0, -0.00, 0.00
17:52:32.048, 31.71, -1.71, -34.11, 0, -0.00, 0.00
17:52:33.094, 31.68, -1.68, -33.42, 0, -0.00, 0.00
17:52:34.082, 31.67, -1.67, -33.39, 0, -0.00, 0.00
17:52:35.125, 31.66, -1.66, -33.12, 0, -0.00, 0.00
17:52:36.159, 31.67, -1.67, -33.50, 0, -0.00, 0.00
17:52:37.156, 31.66, -1.66, -33.15, 0, -0.00, 0.00
17:52:38.200, 31.66, -1.66, -33.24, 0, -0.00, 0.00
17:52:39.207, 31.66, -1.66, -33.24, 0, -0.00, 0.00
17:52:40.246, 31.66, -1.66, -33.24, 0, -0.00, 0.00
17:52:41.262, 31.66, -1.66, -33.24, 0, -0.00, 0.00
17:52:42.271, 31.66, -1.66, -33.24, 0, -0.00, 0.00
17:52:43.305, 31.66, -1.66, -33.07, 0, -0.00, 0.00
17:52:44.319, 31.63, -1.63, -32.43, 0, -0.00, 0.00
17:52:45.342, 31.66, -1.66, -33.44, 0, 0.04, 0.00
17:52:46.375, 31.59, -1.59, -31.00, 0, 0.04, 0.00
17:52:47.389, 31.60, -1.60, -32.16, 0, -0.00, 0.00
17:52:48.412, 31.59, -1.59, -31.76, 0, -0.00, 0.00
17:52:49.443, 31.57, -1.57, -31.15, 0, -0.00, 0.00
17:52:50.456, 31.57, -1.57, -31.29, 0, -0.00, 0.00
17:52:51.488, 31.56, -1.56, -31.23, 0, -0.00, 0.00
17:52:52.506, 31.57, -1.57, -31.35, 0, 0.04, 0.00
17:52:53.527, 31.57, -1.57, -31.32, 0, -0.00, 0.00
17:52:54.567, 31.56, -1.56, -31.06, 0, -0.00, 0.00
17:52:55.559, 31.57, -1.57, -31.41, 0, -0.00, 0.00
17:52:56.610, 31.54, -1.54, -30.45, 0, -0.00, 0.00
17:52:57.614, 31.48, -1.48, -29.17, 0, -0.00, 0.00
17:52:58.632, 31.53, -1.53, -30.91, 0, -0.00, 0.00
17:52:59.652, 31.48, -1.48, -29.20, 0, -0.00, 0.00
17:53:00.679, 31.53, -1.53, -31.12, 0, 0.04, 0.00
17:53:01.708, 31.47, -1.47, -28.88, 0, -0.00, 0.00
17:53:02.727, 31.47, -1.47, -29.37, 0, -0.00, 0.00
17:53:03.755, 31.46, -1.46, -29.14, 0, -0.00, 0.00
17:53:04.791, 31.47, -1.47, -29.49, 0, -0.00, 0.00
17:53:05.815, 31.47, -1.47, -29.40, 0, -0.00, 0.00
17:53:06.812, 31.47, -1.47, -29.40, 0, -0.00, 0.00
17:53:07.839, 31.44, -1.44, -28.53, 0, -0.00, 0.00
17:53:08.865, 31.45, -1.45, -29.17, 0, -0.00, 0.00
17:53:09.886, 31.40, -1.40, -27.58, 0, -0.00, 0.00
17:53:10.903, 31.41, -1.41, -28.24, 0, -0.00, 0.00
17:53:11.952, 31.41, -1.41, -28.27, 0, -0.00, 0.00
17:53:12.957, 31.41, -1.41, -28.24, 0, -0.00, 0.00
17:53:13.997, 31.37, -1.37, -27.11, 0, -0.00, 0.00
17:53:14.995, 31.35, -1.35, -26.79, 0, -0.00, 0.00
17:53:16.031, 31.37, -1.37, -27.72, 0, -0.00, 0.00
17:53:17.046, 31.37, -1.37, -27.49, 0, -0.00, 0.00
17:53:18.072, 31.37, -1.37, -27.49, 0, -0.00, 0.00
17:53:19.106, 31.37, -1.37, -27.49, 0, -0.00, 0.00
17:53:20.128, 31.37, -1.37, -27.40, 0, 0.04, 0.00
17:53:21.138, 31.32, -1.32, -25.78, 0, -0.00, 0.00
17:53:22.160, 31.31, -1.31, -26.07, 0, -0.00, 0.00
17:53:23.200, 31.28, -1.28, -25.29, 0, -0.00, 0.00
17:53:24.204, 31.31, -1.31, -26.62, 0, -0.00, 0.00
17:53:25.235, 31.28, -1.28, -25.23, 0, -0.00, 0.00
17:53:26.268, 31.28, -1.28, -25.58, 0, -0.00, 0.00
17:53:27.289, 31.28, -1.28, -25.58, 0, 0.04, 0.00
17:53:28.313, 31.28, -1.28, -25.58, 0, -0.00, 0.00
17:53:29.314, 31.28, -1.28, -25.58, 0, -0.00, 0.00
17:53:30.343, 31.27, -1.27, -25.23, 0, -0.00, 0.00
17:53:31.363, 31.26, -1.26, -25.17, 0, 0.04, 0.00
17:53:32.388, 31.22, -1.22, -24.10, 0, -0.00, 0.00
17:53:33.423, 31.18, -1.18, -23.26, 0, 0.04, 0.00
17:53:34.442, 31.20, -1.20, -24.19, 0, -0.00, 0.00
17:53:35.444, 31.20, -1.20, -24.01, 0, -0.00, 0.00
17:53:36.465, 31.19, -1.19, -23.58, 0, -0.00, 0.00
17:53:37.496, 31.18, -1.18, -23.64, 0, -0.00, 0.00
17:53:38.530, 31.18, -1.18, -23.67, 0, -0.00, 0.00
17:53:39.534, 31.18, -1.18, -23.67, 0, 0.04, 0.00
17:53:40.567, 31.18, -1.18, -23.67, 0, -0.00, 0.00
17:53:41.583, 31.18, -1.18, -23.67, 0, -0.00, 0.00
17:53:42.616, 31.18, -1.18, -23.67, 0, -0.00, 0.00
17:53:43.656, 31.18, -1.18, -23.67, 0, -0.00, 0.00
17:53:44.648, 31.13, -1.13, -22.19, 0, -0.00, 0.00
17:53:45.699, 31.16, -1.16, -23.38, 0, -0.00, 0.00
17:53:46.706, 31.12, -1.12, -22.02, 0, -0.00, 0.00
17:53:47.742, 31.12, -1.12, -22.48, 0, -0.00, 0.00
17:53:48.759, 31.13, -1.13, -22.63, 0, -0.00, 0.00
17:53:49.771, 31.09, -1.09, -21.36, 0, -0.00, 0.00
17:53:50.787, 31.09, -1.09, -21.76, 0, -0.00, 0.00
17:53:51.817, 31.09, -1.09, -21.76, 0, -0.00, 0.00
17:53:52.856, 31.09, -1.09, -21.76, 0, -0.00, 0.00
17:53:53.850, 31.09, -1.09, -21.76, 0, -0.00, 0.00
17:53:54.882, 31.08, -1.08, -21.42, 0, -0.00, 0.00
17:53:55.898, 31.09, -1.09, -21.79, 0, -0.00, 0.00
17:53:56.925, 31.04, -1.04, -20.32, 0, -0.00, 0.00
17:53:57.948, 31.00, -1.00, -19.66, 0, -0.00, 0.00
17:53:58.985, 30.99, -0.99, -19.77, 0, -0.08, 0.00
17:53:59.997, 30.99, -0.99, -19.86, 0, -0.00, 0.00
17:54:01.020, 30.99, -0.99, -19.86, 0, 0.04, 0.00
17:54:02.051, 30.99, -0.99, -19.86, 0, 0.04, 0.00
17:54:03.067, 30.99, -0.99, -19.86, 0, -0.00, 0.00
17:54:04.100, 30.98, -0.98, -19.43, 0, -0.00, 0.00
17:54:05.123, 30.95, -0.95, -18.71, 0, -0.00, 0.00
17:54:06.139, 30.96, -0.96, -19.17, 0, -0.00, 0.00
17:54:07.166, 30.93, -0.93, -18.24, 0, -0.00, 0.00
17:54:08.178, 30.93, -0.93, -18.53, 0, 0.04, 0.00
17:54:09.207, 30.90, -0.90, -17.67, 0, 0.04, 0.00
17:54:10.216, 30.90, -0.90, -17.96, 0, -0.00, 0.00
17:54:11.258, 30.90, -0.90, -17.96, 0, -0.00, 0.00
17:54:12.255, 30.90, -0.90, -17.96, 0, -0.00, 0.00
17:54:13.282, 30.90, -0.90, -17.96, 0, 0.04, 0.00
17:54:14.312, 30.90, -0.90, -17.96, 0, 0.04, 0.00
17:54:15.339, 30.87, -0.87, -17.18, 0, -0.00, 0.00
17:54:16.372, 30.87, -0.87, -17.27, 0, -0.00, 0.00
17:54:17.376, 30.85, -0.85, -16.98, 0, -0.00, 0.00
17:54:18.407, 30.81, -0.81, -15.89, 0, -0.00, 0.00
17:54:19.426, 30.83, -0.83, -16.81, 0, -0.00, 0.00
17:54:20.436, 30.80, -0.80, -15.77, 0, -0.04, 0.00
17:54:21.469, 30.80, -0.80, -16.06, 0, -0.00, 0.00
17:54:22.486, 30.80, -0.80, -16.06, 0, -0.00, 0.00
17:54:23.521, 30.80, -0.80, -16.06, 0, -0.00, 0.00
17:54:24.542, 30.80, -0.80, -16.06, 0, -0.00, 0.00
17:54:25.583, 30.80, -0.80, -16.06, 0, -0.00, 0.00
17:54:26.591, 30.78, -0.78, -15.46, 0, 0.04, 0.00
17:54:27.627, 30.77, -0.77, -15.31, 0, -0.00, 0.00
17:54:28.615, 30.77, -0.77, -15.43, 0, -0.00, 0.00
17:54:29.674, 30.72, -0.72, -13.96, 0, -0.00, 0.00
17:54:30.694, 30.74, -0.74, -14.88, 0, -0.00, 0.00
17:54:31.716, 30.71, -0.71, -13.88, 0, -0.00, 0.00
17:54:32.732, 30.71, -0.71, -14.16, 0, -0.00, 0.00
17:54:33.747, 30.71, -0.71, -14.16, 0, -0.00, 0.00
17:54:34.769, 30.71, -0.71, -14.16, 0, -0.00, 0.00
17:54:35.784, 30.71, -0.71, -14.16, 0, -0.00, 0.00
17:54:36.806, 30.70, -0.70, -13.99, 0, -0.00, 0.00
17:54:37.824, 30.70, -0.70, -13.96, 0, -0.00, 0.00
17:54:38.846, 30.67, -0.67, -12.96, 0, 0.04, 0.00
17:54:39.896, 30.66, -0.66, -13.13, 0, -0.00, 0.00
17:54:40.905, 30.63, -0.63, -12.33, 0, -0.00, 0.00
17:54:41.909, 30.61, -0.61, -12.10, 0, -0.00, 0.00
17:54:42.960, 30.61, -0.61, -12.27, 0, -0.00, 0.00
17:54:43.970, 30.61, -0.61, -12.27, 0, -0.00, 0.00
17:54:44.992, 30.61, -0.61, -12.27, 0, 0.04, 0.00
17:54:46.025, 30.61, -0.61, -12.27, 0, 0.04, 0.00
17:54:47.046, 30.60, -0.60, -11.84, 0, -0.00, 0.00
17:54:48.062, 30.59, -0.59, -11.81, 0, -0.00, 0.00
17:54:49.084, 30.56, -0.56, -11.01, 0, -0.00, 0.00
17:54:50.112, 30.57, -0.57, -11.38, 0, -0.00, 0.00
17:54:51.134, 30.54, -0.54, -10.49, 0, -0.00, 0.00
17:54:52.162, 30.52, -0.52, -10.35, 0, -0.00, 0.00
17:54:53.182, 30.52, -0.52, -10.32, 0, -0.00, 0.00
17:54:54.186, 30.52, -0.52, -10.38, 0, -0.00, 0.00
17:54:55.238, 30.52, -0.52, -10.38, 0, 0.04, 0.00
17:54:56.232, 30.52, -0.52, -10.38, 0, -0.00, 0.00
17:54:57.275, 30.52, -0.52, -10.38, 0, -0.00, 0.00
17:54:58.360, 30.51, -0.51, -10.12, 0, -0.00, 0.00
17:54:59.307, 30.52, -0.52, -10.47, 0, -0.00, 0.00
17:55:00.332, 30.49, -0.49, -9.61, 0, 0.04, 0.00
17:55:01.350, 30.50, -0.50, -10.04, 0, 0.04, 0.00
17:55:02.383, 30.48, -0.48, -9.29, 0, -0.00, 0.00
17:55:03.411, 30.45, -0.45, -8.75, 0, -0.00, 0.00
17:55:04.426, 30.43, -0.43, -8.41, 0, -0.00, 0.00
17:55:05.445, 30.42, -0.42, -8.44, 0, -0.00, 0.00
17:55:06.472, 30.42, -0.42, -8.49, 0, -0.00, 0.00
17:55:07.504, 30.42, -0.42, -8.49, 0, -0.00, 0.00
17:55:08.532, 30.42, -0.42, -8.49, 0, -0.00, 0.00
17:55:09.553, 30.42, -0.42, -8.49, 0, -0.00, 0.00
17:55:10.547, 30.40, -0.40, -7.64, 0, -0.00, 0.00
17:55:11.590, 30.41, -0.41, -8.26, 0, -0.00, 0.00
17:55:12.612, 30.41, -0.41, -8.24, 0, -0.00, 0.00
17:55:13.622, 30.36, -0.36, -6.84, 0, -0.00, 0.00
17:55:14.639, 30.36, -0.36, -7.12, 0, -0.00, 0.00
17:55:15.666, 30.34, -0.34, -6.58, 0, -0.00, 0.00
17:55:16.687, 30.33, -0.33, -6.52, 0, -0.00, 0.00
17:55:17.705, 30.35, -0.35, -7.12, 0, -0.00, 0.00
17:55:18.732, 30.33, -0.33, -6.44, 0, -0.00, 0.00
17:55:19.752, 30.33, -0.33, -6.52, 0, -0.04, 0.00
17:55:20.783, 30.33, -0.33, -6.55, 0, -0.00, 0.00
17:55:21.826, 30.33, -0.33, -6.64, 0, -0.00, 0.00
17:55:22.826, 30.30, -0.30, -5.75, 0, -0.00, 0.00
17:55:23.846, 30.27, -0.27, -5.01, 0, -0.00, 0.00
17:55:24.874, 30.28, -0.28, -5.87, 0, -0.00, 0.00
17:55:25.892, 30.26, -0.26, -5.10, 0, -0.00, 0.00
17:55:26.928, 30.24, -0.24, -4.44, 0, -0.00, 0.00
17:55:27.956, 30.24, -0.24, -4.73, 0, -0.00, 0.00
17:55:28.959, 30.24, -0.24, -4.73, 0, -0.00, 0.00
17:55:29.981, 30.23, -0.23, -4.55, 0, -0.00, 0.00
17:55:31.009, 30.24, -0.24, -4.78, 0, -0.00, 0.00
17:55:32.044, 30.24, -0.24, -4.73, 0, -0.00, 0.00
17:55:33.076, 30.22, -0.22, -4.38, 0, -0.00, 0.00
17:55:34.081, 30.21, -0.21, -3.98, 0, -0.00, 0.00
17:55:35.121, 30.18, -0.18, -3.39, 0, -0.00, 0.00
17:55:36.118, 30.20, -0.20, -4.07, 0, 0.04, 0.00
17:55:37.135, 30.15, -0.15, -2.56, 0, -0.00, 0.00
17:55:38.161, 30.15, -0.15, -2.93, 0, -0.00, 0.00
17:55:39.182, 30.14, -0.14, -2.79, 0, -0.00, 0.00
17:55:40.210, 30.14, -0.14, -2.85, 0, -0.00, 0.00
17:55:41.256, 30.14, -0.14, -2.85, 0, -0.00, 0.00
17:55:42.272, 30.14, -0.14, -2.85, 0, -0.00, 0.00
17:55:43.271, 30.13, -0.13, -2.42, 0, -0.00, 0.00
17:55:44.309, 30.14, -0.14, -2.99, 0, 0.04, 0.00
17:55:45.333, 30.13, -0.13, -2.42, 0, -0.00, 0.00
17:55:46.357, 30.12, -0.12, -2.22, 0, -0.00, 0.00
17:55:47.358, 30.09, -0.09, -1.57, 0, 0.04, 0.00
17:55:48.400, 30.07, -0.07, -1.14, 0, -0.00, 0.00
17:55:49.428, 30.08, -0.08, -1.62, 0, -0.00, 0.00
17:55:50.428, 30.05, -0.05, -0.77, 0, -0.00, 0.00
17:55:51.483, 30.05, -0.05, -0.94, 0, -0.00, 0.00
17:55:52.476, 30.05, -0.05, -0.97, 0, -0.00, 0.00
17:55:53.499, 30.05, -0.05, -0.97, 0, -0.00, 0.00
17:55:54.550, 30.05, -0.05, -0.97, 0, -0.00, 0.00
17:55:55.565, 30.03, -0.03, -0.54, 0, -0.00, 0.00
17:55:56.580, 30.03, -0.03, -0.68, 0, -0.00, 0.00
17:55:57.591, 30.01, -0.01, 0.17, 21, -0.00, -17507.10
17:55:58.642, 30.00, -0.00, 0.05, 0, 0.11, 0.00
17:55:59.647, 30.00, -0.00, -0.00, 0, 0.04, 0.00
17:56:00.679, 29.97, 0.03, 0.94, 42, -0.00, -35014.19
17:56:01.701, 29.95, 0.05, 1.05, 42, 0.22, 187.37
17:56:02.728, 29.96, 0.04, 0.74, 42, 0.67, 62.23
17:56:03.736, 29.94, 0.06, 1.30, 42, 1.50, 27.98
17:56:04.761, 29.95, 0.05, 0.79, 42, 0.52, 80.05
17:56:05.791, 29.95, 0.05, 0.99, 42, 1.35, 31.09
17:56:06.815, 29.95, 0.05, 1.13, 42, 0.34, 124.69
17:56:07.836, 29.92, 0.08, 1.93, 63, 0.86, 73.03
17:56:08.864, 29.91, 0.09, 1.99, 63, 0.41, 152.93
17:56:09.885, 29.90, 0.10, 2.13, 63, 1.31, 47.97
17:56:10.902, 29.89, 0.11, 2.38, 63, 1.35, 46.63
17:56:11.924, 29.86, 0.14, 2.95, 63, 1.05, 59.97
17:56:12.937, 29.86, 0.14, 2.81, 63, 0.41, 152.93
17:56:13.965, 29.86, 0.14, 2.78, 63, 1.99, 31.67
17:56:14.988, 29.86, 0.14, 2.78, 63, 0.67, 93.35
17:56:16.005, 29.86, 0.14, 2.95, 63, 1.43, 44.18
17:56:17.021, 29.86, 0.14, 2.72, 63, 1.13, 55.97
17:56:18.072, 29.85, 0.15, 3.20, 63, 0.41, 152.93
17:56:19.085, 29.83, 0.17, 3.57, 85, 1.65, 51.47
17:56:20.109, 29.83, 0.17, 3.40, 85, 0.71, 119.31
17:56:21.131, 29.82, 0.18, 3.83, 85, 2.40, 35.38
17:56:22.157, 29.81, 0.19, 3.86, 85, 0.64, 133.37
17:56:23.175, 29.80, 0.20, 4.05, 85, 1.50, 56.62
17:56:24.201, 29.80, 0.20, 4.14, 85, 1.54, 55.24
17:56:25.229, 29.78, 0.22, 4.42, 85, 1.35, 62.92
17:56:26.256, 29.77, 0.23, 4.65, 85, 0.49, 174.51
17:56:27.278, 29.78, 0.22, 4.28, 85, 1.61, 52.67
17:56:28.270, 29.78, 0.22, 4.28, 85, 1.73, 49.23
17:56:29.326, 29.77, 0.23, 4.82, 85, 1.61, 52.67
17:56:30.343, 29.77, 0.23, 4.65, 85, 1.20, 70.79
17:56:31.359, 29.78, 0.22, 4.39, 85, 1.54, 55.24
17:56:32.381, 29.77, 0.23, 4.73, 85, 0.56, 151.19
17:56:33.415, 29.77, 0.23, 4.65, 85, 2.14, 39.72
17:56:34.429, 29.77, 0.23, 4.65, 85, 0.71, 119.31
17:56:35.447, 29.77, 0.23, 4.65, 85, 2.40, 35.38
17:56:36.461, 29.77, 0.23, 4.65, 85, 0.86, 98.53
17:56:37.506, 29.77, 0.23, 4.65, 85, 1.69, 50.33
17:56:38.505, 29.77, 0.23, 4.48, 85, 1.61, 52.67
17:56:39.553, 29.77, 0.23, 4.71, 85, 0.56, 151.19
17:56:40.574, 29.77, 0.23, 4.65, 85, 2.44, 34.83
17:56:41.577, 29.77, 0.23, 4.65, 85, 0.64, 133.37
17:56:42.603, 29.77, 0.23, 4.65, 85, 2.40, 35.38
17:56:43.622, 29.78, 0.22, 4.39, 85, 0.71, 119.31
17:56:44.672, 29.77, 0.23, 4.73, 85, 2.44, 34.83
17:56:45.687, 29.77, 0.23, 4.65, 85, 0.90, 94.42
17:56:46.696, 29.77, 0.23, 4.65, 85, 2.55, 33.30
17:56:47.718, 29.77, 0.23, 4.65, 85, 0.71, 119.31
17:56:48.745, 29.77, 0.23, 4.65, 85, 2.40, 35.38
17:56:49.761, 29.77, 0.23, 4.65, 85, 0.71, 119.31
17:56:50.784, 29.77, 0.23, 4.65, 85, 2.18, 39.04
17:56:51.809, 29.77, 0.23, 4.65, 85, 1.88, 45.29
17:56:52.826, 29.77, 0.23, 4.65, 85, 0.86, 98.53
17:56:53.850, 29.76, 0.24, 4.73, 85, 2.18, 39.04
17:56:54.877, 29.78, 0.22, 4.28, 85, 0.79, 107.93
17:56:55.891, 29.77, 0.23, 4.76, 85, 2.59, 32.81
17:56:56.918, 29.77, 0.23, 4.65, 85, 0.83, 103.01
17:56:57.935, 29.78, 0.22, 4.14, 85, 2.37, 35.94
17:56:58.985, 29.79, 0.21, 4.05, 85, 0.67, 125.95
17:57:00.004, 29.81, 0.19, 3.71, 85, 2.14, 39.72
17:57:01.029, 29.84, 0.16, 2.84, 63, 0.79, 79.99
17:57:02.042, 29.81, 0.19, 4.11, 85, 0.83, 103.01
17:57:03.061, 29.85, 0.15, 2.52, 63, 1.54, 40.94
17:57:04.077, 29.86, 0.14, 2.69, 63, 0.49, 129.34
17:57:05.095, 29.86, 0.14, 2.78, 63, 2.10, 29.97
17:57:06.114, 29.86, 0.14, 2.78, 63, 0.45, 140.15
17:57:07.165, 29.87, 0.13, 2.52, 63, 1.65, 38.15
17:57:08.186, 29.86, 0.14, 2.86, 63, 0.56, 112.06
17:57:09.207, 29.88, 0.12, 2.35, 63, 1.80, 34.97
17:57:10.219, 29.90, 0.10, 1.65, 42, 0.41, 101.95
17:57:11.247, 29.89, 0.11, 2.27, 63, 0.83, 76.35
17:57:12.262, 29.92, 0.08, 1.39, 42, 0.60, 70.03
17:57:13.289, 29.92, 0.08, 1.47, 42, 1.50, 27.98
17:57:14.301, 29.95, 0.05, 0.59, 21, 0.75, 28.00
17:57:15.352, 29.95, 0.05, 0.91, 42, 0.19, 225.08
17:57:16.372, 29.95, 0.05, 1.16, 42, 0.79, 53.33
17:57:17.391, 29.95, 0.05, 0.82, 42, 0.34, 124.69
17:57:18.393, 29.95, 0.05, 0.91, 42, 1.09, 38.60
17:57:19.420, 29.97, 0.03, 0.48, 21, 0.37, 56.09
17:57:20.467, 29.98, 0.02, 0.37, 21, 0.71, 29.48
17:57:21.481, 29.99, 0.01, 0.03, 0, 0.19, 0.00
17:57:22.503, 30.00, -0.00, -0.17, 0, -0.00, 0.00
17:57:23.530, 30.01, -0.01, -0.31, 0, -0.00, 0.00
17:57:24.546, 30.03, -0.03, -0.83, 0, -0.00, 0.00
17:57:25.573, 30.05, -0.05, -1.14, 0, -0.00, 0.00
17:57:26.602, 30.05, -0.05, -0.97, 0, -0.00, 0.00
17:57:27.624, 30.05, -0.05, -0.97, 0, -0.00, 0.00
17:57:28.644, 30.05, -0.05, -1.05, 0, -0.00, 0.00
17:57:29.664, 30.05, -0.05, -0.94, 0, 0.04, 0.00
17:57:30.687, 30.06, -0.06, -1.39, 0, -0.00, 0.00
17:57:31.715, 30.08, -0.08, -1.85, 0, -0.00, 0.00
17:57:32.731, 30.08, -0.08, -1.57, 0, -0.00, 0.00
17:57:33.751, 30.10, -0.10, -2.19, 0, -0.00, 0.00
17:57:34.780, 30.12, -0.12, -2.50, 0, -0.00, 0.00
17:57:35.797, 30.11, -0.11, -2.16, 0, -0.00, 0.00
17:57:36.812, 30.14, -0.14, -3.07, 0, -0.00, 0.00
17:57:37.841, 30.14, -0.14, -2.87, 0, -0.00, 0.00
17:57:38.860, 30.14, -0.14, -2.85, 0, -0.00, 0.00
17:57:39.877, 30.14, -0.14, -2.85, 0, -0.00, 0.00
17:57:40.893, 30.14, -0.14, -2.85, 0, -0.00, 0.00
17:57:41.945, 30.14, -0.14, -2.85, 0, -0.00, 0.00
17:57:42.966, 30.14, -0.14, -2.85, 0, -0.00, 0.00
17:57:43.980, 30.14, -0.14, -2.85, 0, -0.00, 0.00
17:57:45.009, 30.14, -0.14, -2.85, 0, -0.00, 0.00
17:57:46.024, 30.14, -0.14, -2.85, 0, -0.00, 0.00
17:57:47.041, 30.14, -0.14, -2.85, 0, -0.00, 0.00
17:57:48.069, 30.14, -0.14, -2.85, 0, -0.00, 0.00
17:57:49.090, 30.15, -0.15, -3.02, 0, 0.04, 0.00
17:57:50.111, 30.14, -0.14, -2.79, 0, 0.04, 0.00
17:57:51.134, 30.15, -0.15, -3.19, 0, -0.00, 0.00
17:57:52.134, 30.17, -0.17, -3.41, 0, -0.00, 0.00
17:57:53.160, 30.17, -0.17, -3.56, 0, -0.00, 0.00
17:57:54.186, 30.14, -0.14, -2.53, 0, -0.00, 0.00
17:57:55.234, 30.16, -0.16, -3.36, 0, -0.00, 0.00
17:57:56.244, 30.16, -0.16, -3.27, 0, -0.00, 0.00
17:57:57.267, 30.15, -0.15, -2.73, 0, -0.00, 0.00
17:57:58.291, 30.17, -0.17, -3.67, 0, -0.00, 0.00
17:57:59.308, 30.16, -0.16, -3.16, 0, -0.00, 0.00
17:58:00.329, 30.15, -0.15, -2.90, 0, 0.04, 0.00
17:58:01.372, 30.18, -0.18, -3.87, 0, -0.00, 0.00
17:58:02.367, 30.17, -0.17, -3.24, 0, -0.00, 0.00
17:58:03.416, 30.17, -0.17, -3.44, 0, -0.00, 0.00
17:58:04.445, 30.18, -0.18, -3.59, 0, -0.00, 0.00
17:58:05.454, 30.19, -0.19, -3.87, 0, -0.00, 0.00
17:58:06.490, 30.18, -0.18, -3.50, 0, -0.00, 0.00
17:58:07.486, 30.17, -0.17, -3.16, 0, -0.00, 0.00
17:58:08.503, 30.18, -0.18, -3.64, 0, -0.00, 0.00
17:58:09.536, 30.15, -0.15, -2.85, 0, -0.00, 0.00
17:58:10.570, 30.18, -0.18, -3.84, 0, -0.00, 0.00
17:58:11.565, 30.18, -0.18, -3.67, 0, -0.00, 0.00
17:58:12.606, 30.17, -0.17, -3.13, 0, 0.04, 0.00
17:58:13.635, 30.18, -0.18, -3.90, 0, -0.00, 0.00
17:58:14.663, 30.16, -0.16, -3.02, 0, -0.00, 0.00
17:58:15.660, 30.17, -0.17, -3.50, 0, -0.00, 0.00
17:58:16.688, 30.16, -0.16, -3.07, 0, -0.00, 0.00
17:58:17.703, 30.17, -0.17, -3.44, 0, -0.00, 0.00
17:58:18.732, 30.17, -0.17, -3.36, 0, -0.00, 0.00
17:58:19.771, 30.18, -0.18, -3.87, 0, -0.00, 0.00
17:58:20.787, 30.18, -0.18, -3.61, 0, -0.00, 0.00
17:58:21.815, 30.17, -0.17, -3.30, 0, -0.00, 0.00
17:58:22.844, 30.17, -0.17, -3.41, 0, -0.00, 0.00
17:58:23.857, 30.16, -0.16, -3.16, 0, -0.00, 0.00
17:58:24.873, 30.17, -0.17, -3.41, 0, -0.00, 0.00
17:58:25.888, 30.15, -0.15, -2.85, 0, -0.00, 0.00
17:58:26.911, 30.17, -0.17, -3.61, 0, -0.00, 0.00
17:58:27.961, 30.17, -0.17, -3.50, 0, -0.00, 0.00
17:58:28.958, 30.15, -0.15, -2.70, 0, -0.00, 0.00
17:58:29.981, 30.14, -0.14, -2.79, 0, -0.00, 0.00
17:58:31.009, 30.15, -0.15, -3.19, 0, -0.00, 0.00
17:58:32.031, 30.15, -0.15, -2.82, 0, 0.04, 0.00
17:58:33.058, 30.15, -0.15, -2.90, 0, -0.00, 0.00
17:58:34.078, 30.14, -0.14, -2.82, 0, 0.04, 0.00
17:58:35.095, 30.14, -0.14, -2.85, 0, -0.00, 0.00
17:58:36.117, 30.14, -0.14, -2.85, 0, -0.00, 0.00
17:58:37.135, 30.15, -0.15, -2.93, 0, -0.00, 0.00
17:58:38.185, 30.14, -0.14, -2.82, 0, -0.00, 0.00
17:58:39.199, 30.14, -0.14, -2.85, 0, -0.00, 0.00
17:58:40.216, 30.14, -0.14, -2.85, 0, -0.00, 0.00
17:58:41.232, 30.16, -0.16, -3.44, 0, -0.00, 0.00
17:58:42.255, 30.14, -0.14, -2.65, 0, -0.00, 0.00
17:58:43.276, 30.14, -0.14, -2.85, 0, -0.00, 0.00
17:58:44.291, 30.14, -0.14, -2.85, 0, 0.04, 0.00
17:58:45.347, 30.14, -0.14, -2.85, 0, -0.00, 0.00
17:58:46.363, 30.14, -0.14, -2.85, 0, -0.00, 0.00
17:58:47.364, 30.15, -0.15, -3.02, 0, -0.00, 0.00
17:58:48.389, 30.14, -0.14, -2.79, 0, -0.00, 0.00
17:58:49.411, 30.14, -0.14, -2.85, 0, -0.00, 0.00
17:58:50.457, 30.14, -0.14, -2.85, 0, -0.00, 0.00
17:58:51.451, 30.14, -0.14, -2.85, 0, -0.00, 0.00
17:58:52.505, 30.14, -0.14, -2.85, 0, -0.00, 0.00
17:58:53.528, 30.14, -0.14, -2.85, 0, -0.00, 0.00
17:58:54.543, 30.14, -0.14, -2.85, 0, -0.00, 0.00
17:58:55.560, 30.13, -0.13, -2.59, 0, -0.00, 0.00
17:58:56.579, 30.14, -0.14, -2.93, 0, -0.00, 0.00
17:58:57.596, 30.14, -0.14, -2.85, 0, -0.00, 0.00
17:58:58.621, 30.14, -0.14, -2.85, 0, -0.00, 0.00
17:58:59.639, 30.14, -0.14, -2.67, 0, -0.00, 0.00
17:59:00.653, 30.13, -0.13, -2.47, 0, -0.00, 0.00
17:59:01.702, 30.13, -0.13, -2.56, 0, -0.00, 0.00
17:59:02.716, 30.11, -0.11, -2.05, 0, 0.04, 0.00
17:59:03.730, 30.12, -0.12, -2.56, 0, -0.00, 0.00
17:59:04.749, 30.11, -0.11, -2.19, 0, -0.00, 0.00
17:59:05.776, 30.10, -0.10, -1.85, 0, -0.00, 0.00
17:59:06.786, 30.09, -0.09, -1.74, 0, -0.00, 0.00
17:59:07.837, 30.11, -0.11, -2.33, 0, -0.00, 0.00
17:59:08.859, 30.11, -0.11, -2.25, 0, -0.00, 0.00
17:59:09.875, 30.09, -0.09, -1.45, 0, -0.00, 0.00
17:59:10.890, 30.07, -0.07, -1.11, 0, 0.04, 0.00
17:59:11.912, 30.09, -0.09, -1.91, 0, -0.00, 0.00
17:59:12.922, 30.10, -0.10, -2.05, 0, -0.00, 0.00
17:59:13.973, 30.07, -0.07, -1.17, 0, -0.00, 0.00
17:59:14.982, 30.06, -0.06, -1.08, 0, -0.00, 0.00
17:59:16.017, 30.06, -0.06, -1.28, 0, -0.00, 0.00
17:59:17.037, 30.05, -0.05, -0.91, 0, -0.00, 0.00
17:59:18.049, 30.07, -0.07, -1.45, 0, 0.04, 0.00
17:59:19.069, 30.05, -0.05, -0.97, 0, -0.00, 0.00
17:59:20.091, 30.05, -0.05, -0.91, 0, -0.00, 0.00
17:59:21.113, 30.05, -0.05, -0.97, 0, -0.00, 0.00
17:59:22.146, 30.05, -0.05, -0.97, 0, -0.00, 0.00
17:59:23.174, 30.05, -0.05, -0.97, 0, -0.00, 0.00
17:59:24.193, 30.05, -0.05, -0.97, 0, -0.00, 0.00
17:59:25.206, 30.05, -0.05, -0.97, 0, -0.00, 0.00
17:59:26.221, 30.05, -0.05, -0.97, 0, -0.00, 0.00
17:59:27.243, 30.05, -0.05, -0.97, 0, -0.00, 0.00
17:59:28.288, 30.05, -0.05, -0.97, 0, -0.00, 0.00
17:59:29.292, 30.05, -0.05, -0.97, 0, -0.00, 0.00
17:59:30.326, 30.05, -0.05, -0.97, 0, -0.00, 0.00
17:59:31.330, 30.05, -0.05, -0.97, 0, 0.04, 0.00
17:59:32.380, 30.04, -0.04, -0.71, 0, -0.00, 0.00
17:59:33.402, 30.05, -0.05, -1.05, 0, -0.00, 0.00
17:59:34.412, 30.01, -0.01, 0.06, 0, 0.04, 0.00
17:59:35.446, 30.01, -0.01, -0.03, 0, -0.00, 0.00
17:59:36.454, 30.00, -0.00, -0.03, 0, -0.00, 0.00
17:59:37.495, 30.01, -0.01, -0.14, 0, -0.00, 0.00
17:59:38.517, 30.00, 0.00, 0.14, 21, 0.04, 577.55
17:59:39.538, 29.99, 0.01, 0.31, 21, 0.15, 140.90
17:59:40.549, 29.99, 0.01, 0.05, 0, 0.34, 0.00
17:59:41.576, 30.00, -0.00, -0.06, 0, -0.00, 0.00
17:59:42.598, 29.99, 0.01, 0.42, 21, -0.00, -17507.10
17:59:43.614, 29.98, 0.02, 0.37, 21, 0.26, 80.24
17:59:44.634, 29.96, 0.04, 1.02, 42, 0.83, 50.90
17:59:45.645, 29.95, 0.05, 0.96, 42, 1.05, 39.98
17:59:46.671, 29.95, 0.05, 0.91, 42, 0.34, 124.69
17:59:47.724, 29.95, 0.05, 0.91, 42, 1.50, 27.98
17:59:48.710, 29.95, 0.05, 0.91, 42, 0.41, 101.95
17:59:49.761, 29.95, 0.05, 0.91, 42, 1.50, 27.98
17:59:50.792, 29.95, 0.05, 0.91, 42, 0.56, 74.71
17:59:51.805, 29.95, 0.05, 0.99, 42, 0.19, 225.08
17:59:52.826, 29.95, 0.05, 0.88, 42, 0.75, 56.00
17:59:53.849, 29.97, 0.03, 0.40, 21, 0.71, 29.48
17:59:54.884, 29.95, 0.05, 1.08, 42, 0.19, 225.08
17:59:55.881, 29.94, 0.06, 1.42, 42, 1.39, 30.25
17:59:56.912, 29.95, 0.05, 0.74, 42, 0.64, 65.90
17:59:57.947, 29.95, 0.05, 0.91, 42, 0.22, 187.37
17:59:58.939, 29.95, 0.05, 0.91, 42, 0.79, 53.33
17:59:59.967, 29.95, 0.05, 0.91, 42, 0.26, 160.48
18:00:00.994, 29.94, 0.06, 1.25, 42, 0.90, 46.65
18:00:02.027, 29.95, 0.05, 0.79, 42, 0.41, 101.95
18:00:03.064, 29.95, 0.05, 0.91, 42, 1.13, 37.31
18:00:04.088, 29.95, 0.05, 0.91, 42, 0.41, 101.95
18:00:05.108, 29.95, 0.05, 0.91, 42, 1.46, 28.70
18:00:06.133, 29.95, 0.05, 0.91, 42, 0.49, 86.23
18:00:07.127, 29.95, 0.05, 1.16, 42, 0.41, 101.95
18:00:08.182, 29.93, 0.07, 1.50, 42, 0.49, 86.23
18:00:09.202, 29.94, 0.06, 1.02, 42, 1.50, 27.98
18:00:10.202, 29.95, 0.05, 0.79, 42, 0.64, 65.90
18:00:11.245, 29.94, 0.06, 1.25, 42, 0.30, 140.34
18:00:12.268, 29.95, 0.05, 0.79, 42, 1.54, 27.29
18:00:13.267, 29.93, 0.07, 1.50, 42, 0.49, 86.23
18:00:14.301, 29.94, 0.06, 1.13, 42, 1.28, 32.92
18:00:15.327, 29.92, 0.08, 1.70, 42, 0.41, 101.95
18:00:16.383, 29.94, 0.06, 0.94, 42, 1.46, 28.70
18:00:17.378, 29.92, 0.08, 1.82, 63, 0.41, 152.93
18:00:18.398, 29.91, 0.09, 1.84, 63, 1.24, 50.88
18:00:19.413, 29.90, 0.10, 2.10, 63, 0.98, 64.59
18:00:20.454, 29.94, 0.06, 0.88, 42, 1.16, 36.11
18:00:21.474, 29.94, 0.06, 1.25, 42, 0.45, 93.43
18:00:22.469, 29.92, 0.08, 1.76, 63, 1.50, 41.97
18:00:23.488, 29.93, 0.07, 1.25, 42, 1.16, 36.11
18:00:24.516, 29.93, 0.07, 1.53, 42, 1.09, 38.60
18:00:25.544, 29.95, 0.05, 0.62, 21, 0.60, 35.01
18:00:26.570, 29.95, 0.05, 0.99, 42, 0.49, 86.23
18:00:27.605, 29.94, 0.06, 1.22, 42, 0.83, 50.90
18:00:28.637, 29.95, 0.05, 0.79, 42, 0.34, 124.69
18:00:29.637, 29.95, 0.05, 0.91, 42, 1.09, 38.60
18:00:30.665, 29.95, 0.05, 0.91, 42, 0.41, 101.95
18:00:31.681, 29.95, 0.05, 0.91, 42, 1.50, 27.98
18:00:32.724, 29.95, 0.05, 0.91, 42, 0.75, 56.00
18:00:33.745, 29.95, 0.05, 0.91, 42, 0.26, 160.48
18:00:34.769, 29.95, 0.05, 0.91, 42, 0.79, 53.33
18:00:35.789, 29.95, 0.05, 0.91, 42, 0.34, 124.69
18:00:36.806, 29.95, 0.05, 0.91, 42, 1.05, 39.98
18:00:37.827, 29.95, 0.05, 0.91, 42, 0.49, 86.23
18:00:38.844, 29.95, 0.05, 0.91, 42, 1.31, 31.98
18:00:39.865, 29.95, 0.05, 0.91, 42, 0.56, 74.71
18:00:40.893, 29.95, 0.05, 0.91, 42, 0.56, 74.71
18:00:41.904, 29.95, 0.05, 0.91, 42, 0.75, 56.00
18:00:42.932, 29.97, 0.03, 0.31, 21, 0.30, 70.17
18:00:43.948, 29.97, 0.03, 0.68, 42, 0.45, 93.43
18:00:45.003, 29.96, 0.04, 0.96, 42, 0.30, 140.34
18:00:46.021, 29.98, 0.02, 0.08, 21, 1.01, 20.73
18:00:47.040, 29.96, 0.04, 0.94, 42, 0.15, 281.80
18:00:48.038, 30.00, -0.00, -0.37, 0, 1.28, 0.00
18:00:49.072, 30.01, -0.01, -0.26, 0, -0.00, 0.00
18:00:50.112, 30.00, -0.00, 0.08, 21, -0.00, -17507.10
18:00:51.127, 30.00, -0.00, -0.09, 0, 0.45, 0.00
18:00:52.149, 30.03, -0.03, -0.83, 0, -0.00, 0.00
18:00:53.176, 30.03, -0.03, -0.57, 0, -0.00, 0.00
18:00:54.197, 30.03, -0.03, -0.66, 0, -0.00, 0.00
18:00:55.220, 30.05, -0.05, -1.14, 0, -0.00, 0.00
18:00:56.229, 30.05, -0.05, -0.97, 0, 0.04, 0.00
18:00:57.241, 30.05, -0.05, -0.97, 0, -0.00, 0.00
18:00:58.291, 30.05, -0.05, -0.97, 0, -0.00, 0.00
18:00:59.307, 30.05, -0.05, -0.97, 0, -0.00, 0.00
18:01:00.318, 30.05, -0.05, -0.97, 0, 0.04, 0.00
18:01:01.361, 30.05, -0.05, -0.97, 0, 0.04, 0.00
18:01:02.384, 30.05, -0.05, -0.97, 0, -0.00, 0.00
18:01:03.400, 30.05, -0.05, -0.97, 0, -0.00, 0.00
18:01:04.425, 30.05, -0.05, -0.97, 0, 0.04, 0.00
18:01:05.437, 30.05, -0.05, -0.97, 0, 0.04, 0.00
18:01:06.458, 30.05, -0.05, -0.97, 0, -0.00, 0.00
18:01:07.474, 30.05, -0.05, -0.97, 0, -0.00, 0.00
18:01:08.492, 30.05, -0.05, -0.97, 0, -0.00, 0.00
18:01:09.541, 30.05, -0.05, -0.97, 0, -0.00, 0.00
18:01:10.564, 30.05, -0.05, -0.97, 0, -0.00, 0.00
18:01:11.576, 30.05, -0.05, -0.97, 0, -0.00, 0.00
18:01:12.594, 30.05, -0.05, -0.97, 0, -0.00, 0.00
18:01:13.604, 30.05, -0.05, -0.97, 0, -0.00, 0.00
18:01:14.627, 30.05, -0.05, -0.97, 0, -0.00, 0.00
18:01:15.677, 30.05, -0.05, -0.97, 0, -0.00, 0.00
18:01:16.698, 30.05, -0.05, -0.97, 0, -0.00, 0.00
18:01:17.721, 30.05, -0.05, -0.97, 0, 0.04, 0.00
18:01:18.743, 30.05, -0.05, -0.97, 0, 0.04, 0.00
18:01:19.755, 30.05, -0.05, -0.97, 0, -0.00, 0.00
18:01:20.768, 30.05, -0.05, -0.97, 0, 0.07, 0.00
18:01:21.795, 30.05, -0.05, -0.97, 0, -0.00, 0.00
18:01:22.807, 30.05, -0.05, -0.97, 0, 0.04, 0.00
18:01:23.849, 30.05, -0.05, -0.97, 0, -0.00, 0.00
18:01:24.861, 30.05, -0.05, -0.97, 0, 0.04, 0.00
18:01:25.871, 30.05, -0.05, -0.97, 0, -0.00, 0.00
18:01:26.903, 30.05, -0.05, -0.97, 0, 0.04, 0.00
18:01:27.949, 30.05, -0.05, -0.97, 0, -0.00, 0.00
18:01:28.937, 30.05, -0.05, -0.88, 0, -0.00, 0.00
18:01:29.986, 30.04, -0.04, -0.83, 0, -0.00, 0.00
18:01:31.014, 30.05, -0.05, -1.02, 0, -0.00, 0.00
18:01:32.030, 30.04, -0.04, -0.80, 0, -0.00, 0.00
18:01:33.041, 30.03, -0.03, -0.51, 0, -0.00, 0.00
18:01:34.086, 30.03, -0.03, -0.46, 0, -0.00, 0.00
18:01:35.095, 30.03, -0.03, -0.60, 0, -0.00, 0.00
18:01:36.116, 30.03, -0.03, -0.74, 0, -0.00, 0.00
18:01:37.127, 30.02, -0.02, -0.17, 0, -0.00, 0.00
18:01:38.149, 29.99, 0.01, 0.34, 21, -0.00, -17507.10
18:01:39.193, 29.99, 0.01, 0.37, 21, 0.22, 93.68
18:01:40.211, 29.99, 0.01, 0.28, 21, 0.79, 26.66
18:01:41.221, 29.96, 0.04, 1.05, 42, 0.41, 101.95
18:01:42.248, 29.98, 0.02, 0.11, 21, 0.83, 25.45
18:01:43.269, 29.96, 0.04, 0.94, 42, 0.37, 112.18
18:01:44.292, 29.96, 0.04, 0.74, 42, 0.52, 80.05
18:01:45.307, 29.97, 0.03, 0.57, 21, 0.60, 35.01
18:01:46.353, 29.95, 0.05, 1.05, 42, 0.07, 568.18
18:01:47.376, 29.99, 0.01, -0.03, 0, 0.49, 0.00
18:01:48.401, 29.95, 0.05, 1.22, 42, -0.00, -35014.19
18:01:49.412, 29.95, 0.05, 0.91, 42, 1.01, 41.46
18:01:50.431, 29.95, 0.05, 0.91, 42, 0.37, 112.18
18:01:51.453, 29.96, 0.04, 0.82, 42, 1.46, 28.70
18:01:52.464, 29.95, 0.05, 0.94, 42, 0.52, 80.05
18:01:53.511, 29.95, 0.05, 0.91, 42, 1.16, 36.11
18:01:54.534, 29.97, 0.03, 0.40, 21, 0.64, 32.95
18:01:55.560, 29.95, 0.05, 1.08, 42, 0.15, 281.80
18:01:56.569, 29.95, 0.05, 0.91, 42, 0.83, 50.90
18:01:57.585, 29.95, 0.05, 0.91, 42, 0.30, 140.34
18:01:58.628, 29.95, 0.05, 0.91, 42, 0.75, 56.00
18:01:59.646, 29.95, 0.05, 0.91, 42, 0.34, 124.69
18:02:00.655, 29.95, 0.05, 0.91, 42, 1.31, 31.98
18:02:01.678, 29.95, 0.05, 0.91, 42, 0.56, 74.71
18:02:02.692, 29.95, 0.05, 0.91, 42, 0.26, 160.48
18:02:03.738, 29.95, 0.05, 0.91, 42, 0.79, 53.33
18:02:04.748, 29.95, 0.05, 0.91, 42, 0.34, 124.69
18:02:05.767, 29.95, 0.05, 0.91, 42, 0.98, 43.06
18:02:06.792, 29.95, 0.05, 0.91, 42, 0.37, 112.18
18:02:07.808, 29.95, 0.05, 0.91, 42, 1.05, 39.98
18:02:08.857, 29.96, 0.04, 0.74, 42, 0.30, 140.34
18:02:09.885, 29.95, 0.05, 0.96, 42, 1.20, 34.98
18:02:10.908, 29.97, 0.03, 0.48, 21, 0.45, 46.72
18:02:11.924, 29.96, 0.04, 0.96, 42, 0.71, 58.95
18:02:12.945, 29.98, 0.02, 0.08, 21, 0.37, 56.09
18:02:13.962, 29.99, 0.01, 0.17, 21, 0.71, 29.48
18:02:14.983, 29.98, 0.02, 0.48, 21, 0.19, 112.54
18:02:16.005, 30.00, -0.00, -0.20, 0, 0.71, 0.00
18:02:17.020, 30.00, -0.00, -0.00, 0, 0.04, 0.00
18:02:18.039, 30.01, -0.01, -0.34, 0, -0.00, 0.00
18:02:19.087, 30.01, -0.01, -0.14, 0, -0.00, 0.00
18:02:20.103, 30.00, -0.00, -0.00, 0, -0.00, 0.00
18:02:21.113, 30.03, -0.03, -0.74, 0, 0.04, 0.00
18:02:22.135, 30.03, -0.03, -0.68, 0, -0.00, 0.00
18:02:23.150, 30.00, -0.00, 0.31, 21, -0.00, -17507.10
18:02:24.167, 30.04, -0.04, -1.19, 0, 0.86, 0.00
18:02:25.223, 30.05, -0.05, -1.05, 0, -0.00, 0.00
18:02:26.243, 30.05, -0.05, -0.97, 0, -0.00, 0.00
18:02:27.265, 30.05, -0.05, -0.88, 0, -0.00, 0.00
18:02:28.267, 30.05, -0.05, -1.00, 0, -0.00, 0.00
18:02:29.286, 30.03, -0.03, -0.54, 0, -0.00, 0.00
18:02:30.324, 30.05, -0.05, -1.11, 0, -0.00, 0.00
18:02:31.341, 30.04, -0.04, -0.63, 0, -0.00, 0.00
18:02:32.357, 30.05, -0.05, -1.08, 0, -0.00, 0.00
18:02:33.373, 30.05, -0.05, -0.97, 0, -0.00, 0.00
18:02:34.430, 30.05, -0.05, -0.97, 0, -0.00, 0.00
18:02:35.416, 30.05, -0.05, -0.97, 0, 0.04, 0.00
18:02:36.468, 30.05, -0.05, -0.97, 0, -0.00, 0.00
18:02:37.495, 30.05, -0.05, -0.97, 0, -0.00, 0.00
18:02:38.505, 30.05, -0.05, -0.97, 0, -0.00, 0.00
18:02:39.521, 30.05, -0.05, -0.97, 0, -0.00, 0.00
18:02:40.558, 30.05, -0.05, -0.97, 0, -0.00, 0.00
18:02:41.563, 30.05, -0.05, -0.97, 0, -0.00, 0.00
18:02:42.579, 30.05, -0.05, -0.97, 0, -0.00, 0.00
18:02:43.596, 30.04, -0.04, -0.63, 0, -0.00, 0.00
18:02:44.651, 30.05, -0.05, -1.08, 0, -0.00, 0.00
18:02:45.673, 30.05, -0.05, -0.97, 0, -0.00, 0.00
18:02:46.695, 30.05, -0.05, -0.97, 0, -0.00, 0.00
18:02:47.701, 30.05, -0.05, -0.97, 0, -0.00, 0.00
18:02:48.710, 30.05, -0.05, -0.97, 0, -0.00, 0.00
18:02:49.732, 30.05, -0.05, -0.97, 0, -0.00, 0.00
18:02:50.771, 30.05, -0.05, -0.97, 0, -0.00, 0.00
18:02:51.788, 30.05, -0.05, -0.97, 0, -0.00, 0.00
18:02:52.818, 30.04, -0.04, -0.80, 0, -0.00, 0.00
18:02:53.836, 30.05, -0.05, -1.02, 0, -0.00, 0.00
18:02:54.869, 30.05, -0.05, -0.97, 0, -0.00, 0.00
18:02:55.894, 30.05, -0.05, -0.97, 0, -0.00, 0.00
18:02:56.912, 30.05, -0.05, -0.88, 0, -0.00, 0.00
18:02:57.921, 30.04, -0.04, -0.65, 0, -0.00, 0.00
18:02:58.951, 30.05, -0.05, -1.00, 0, -0.00, 0.00
18:02:59.971, 30.02, -0.02, -0.23, 0, 0.04, 0.00
18:03:00.998, 30.03, -0.03, -0.63, 0, -0.00, 0.00
18:03:02.020, 30.01, -0.01, -0.06, 0, -0.00, 0.00
18:03:03.043, 30.00, 0.00, 0.20, 21, -0.00, -17507.10
18:03:04.059, 30.00, -0.00, -0.03, 0, 0.15, 0.00
18:03:05.079, 29.99, 0.01, 0.42, 21, -0.00, -17507.10
18:03:06.101, 29.98, 0.02, 0.54, 21, 0.30, 70.17
18:03:07.125, 29.99, 0.01, 0.11, 21, 0.90, 23.33
18:03:08.146, 29.95, 0.05, 1.25, 42, 0.41, 101.95
18:03:09.195, 29.95, 0.05, 0.91, 42, 1.58, 26.64
18:03:10.218, 29.95, 0.05, 0.91, 42, 0.83, 50.90
18:03:11.211, 29.96, 0.04, 0.74, 42, 0.19, 225.08
18:03:12.261, 29.96, 0.04, 0.88, 42, 0.94, 44.79
18:03:13.271, 29.95, 0.05, 0.94, 42, 0.30, 140.34
18:03:14.286, 29.95, 0.05, 0.91, 42, 1.31, 31.98
18:03:15.309, 29.95, 0.05, 0.91, 42, 0.45, 93.43
18:03:16.329, 29.95, 0.05, 0.91, 42, 0.94, 44.79
18:03:17.346, 29.95, 0.05, 0.91, 42, 0.90, 46.65
18:03:18.396, 29.95, 0.05, 0.91, 42, 0.26, 160.48
18:03:19.407, 29.95, 0.05, 0.91, 42, 1.20, 34.98
18:03:20.438, 29.95, 0.05, 0.91, 42, 0.37, 112.18
18:03:21.457, 29.95, 0.05, 0.91, 42, 1.50, 27.98
18:03:22.486, 29.95, 0.05, 1.16, 42, 0.30, 140.34
18:03:23.504, 29.95, 0.05, 0.82, 42, 1.28, 32.92
18:03:24.535, 29.97, 0.03, 0.48, 21, 0.26, 80.24
18:03:25.531, 29.95, 0.05, 1.05, 42, 0.75, 56.00
18:03:26.587, 29.96, 0.04, 0.82, 42, 0.37, 112.18
18:03:27.575, 29.95, 0.05, 0.94, 42, 1.54, 27.29
18:03:28.629, 29.96, 0.04, 0.65, 42, 0.49, 86.23
18:03:29.642, 29.95, 0.05, 0.99, 42, 0.19, 225.08
18:03:30.657, 29.95, 0.05, 0.91, 42, 0.90, 46.65
18:03:31.679, 29.95, 0.05, 0.91, 42, 0.30, 140.34
18:03:32.701, 29.94, 0.06, 1.33, 42, 0.83, 50.90
18:03:33.724, 29.95, 0.05, 0.77, 42, 0.83, 50.90
18:03:34.766, 29.95, 0.05, 0.91, 42, 0.56, 74.71
18:03:35.757, 29.95, 0.05, 0.91, 42, 0.26, 160.48
18:03:36.807, 29.95, 0.05, 0.91, 42, 1.13, 37.31
18:03:37.823, 29.95, 0.05, 0.91, 42, 0.41, 101.95
18:03:38.836, 29.95, 0.05, 0.91, 42, 1.46, 28.70
18:03:39.856, 29.95, 0.05, 0.91, 42, 0.52, 80.05
18:03:40.904, 29.95, 0.05, 0.91, 42, 0.60, 70.03
18:03:41.919, 29.95, 0.05, 0.91, 42, 0.60, 70.03
18:03:42.946, 29.95, 0.05, 0.91, 42, 0.19, 225.08
18:03:43.964, 29.95, 0.05, 0.91, 42, 0.64, 65.90
18:03:44.980, 29.95, 0.05, 0.91, 42, 0.26, 160.48
18:03:46.000, 29.95, 0.05, 0.91, 42, 0.79, 53.33
18:03:47.015, 29.95, 0.05, 0.91, 42, 0.30, 140.34
18:03:48.038, 29.96, 0.04, 0.65, 42, 0.75, 56.00
18:03:49.053, 29.95, 0.05, 0.99, 42, 0.37, 112.18
18:03:50.104, 29.97, 0.03, 0.48, 21, 1.39, 15.12
18:03:51.127, 29.96, 0.04, 0.88, 42, 0.26, 160.48
18:03:52.136, 29.96, 0.04, 0.79, 42, 1.50, 27.98
18:03:53.152, 29.95, 0.05, 0.96, 42, 0.45, 93.43
18:03:54.203, 29.96, 0.04, 0.74, 42, 1.28, 32.92
18:03:55.224, 29.98, 0.02, 0.11, 21, 0.41, 50.98
18:03:56.240, 29.99, 0.01, -0.00, 0, 0.79, 0.00
18:03:57.251, 29.99, 0.01, 0.28, 21, -0.00, -17507.10
18:03:58.266, 29.99, 0.01, 0.05, 0, 0.52, 0.00
18:03:59.312, 30.00, -0.00, -0.14, 0, -0.00, 0.00
18:04:00.332, 30.01, -0.01, -0.40, 0, -0.00, 0.00
18:04:01.343, 30.01, -0.01, -0.20, 0, -0.00, 0.00
18:04:02.352, 30.03, -0.03, -0.74, 0, -0.00, 0.00
18:04:03.398, 30.04, -0.04, -0.83, 0, -0.00, 0.00
18:04:04.414, 30.04, -0.04, -0.91, 0, -0.00, 0.00
18:04:05.425, 30.03, -0.03, -0.43, 0, -0.00, 0.00
18:04:06.447, 30.05, -0.05, -1.08, 0, -0.00, 0.00
18:04:07.462, 30.05, -0.05, -1.00, 0, -0.00, 0.00
18:04:08.512, 30.05, -0.05, -0.97, 0, -0.00, 0.00
18:04:09.534, 30.05, -0.05, -0.97, 0, -0.00, 0.00
18:04:10.549, 30.05, -0.05, -0.97, 0, -0.00, 0.00
18:04:11.573, 30.05, -0.05, -0.97, 0, 0.04, 0.00
18:04:12.593, 30.05, -0.05, -0.97, 0, -0.00, 0.00
18:04:13.603, 30.05, -0.05, -0.97, 0, -0.00, 0.00
18:04:14.648, 30.05, -0.05, -0.97, 0, -0.00, 0.00
18:04:15.654, 30.05, -0.05, -0.97, 0, -0.00, 0.00
18:04:16.669, 30.05, -0.05, -0.97, 0, -0.00, 0.00
18:04:17.720, 30.05, -0.05, -0.97, 0, -0.00, 0.00
18:04:18.730, 30.05, -0.05, -0.97, 0, -0.00, 0.00
18:04:19.739, 30.05, -0.05, -0.97, 0, -0.00, 0.00
18:04:20.784, 30.05, -0.05, -0.97, 0, -0.00, 0.00
18:04:21.800, 30.05, -0.05, -0.97, 0, 0.04, 0.00
18:04:22.817, 30.05, -0.05, -0.97, 0, -0.00, 0.00
18:04:23.838, 30.05, -0.05, -0.97, 0, -0.00, 0.00
18:04:24.848, 30.05, -0.05, -0.97, 0, -0.00, 0.00
18:04:25.893, 30.05, -0.05, -0.97, 0, -0.00, 0.00
18:04:26.914, 30.05, -0.05, -0.97, 0, -0.00, 0.00
18:04:27.943, 30.05, -0.05, -0.97, 0, -0.00, 0.00
18:04:28.965, 30.05, -0.05, -0.97, 0, 0.04, 0.00
18:04:29.980, 30.05, -0.05, -0.97, 0, -0.00, 0.00
18:04:30.997, 30.05, -0.05, -0.97, 0, -0.00, 0.00
18:04:32.017, 30.05, -0.05, -0.97, 0, -0.00, 0.00
18:04:33.033, 30.05, -0.05, -0.97, 0, -0.00, 0.00
18:04:34.049, 30.05, -0.05, -0.97, 0, 0.04, 0.00
18:04:35.077, 30.05, -0.05, -0.97, 0, -0.00, 0.00
18:04:36.122, 30.05, -0.05, -0.97, 0, -0.00, 0.00
18:04:37.138, 30.05, -0.05, -0.97, 0, -0.00, 0.00
18:04:38.159, 30.05, -0.05, -0.97, 0, -0.00, 0.00
18:04:39.181, 30.05, -0.05, -0.97, 0, -0.00, 0.00
18:04:40.210, 30.05, -0.05, -0.97, 0, -0.00, 0.00
18:04:41.225, 30.02, -0.02, -0.20, 0, -0.00, 0.00
18:04:42.234, 30.03, -0.03, -0.54, 0, 0.04, 0.00
18:04:43.256, 30.04, -0.04, -1.03, 0, -0.00, 0.00
18:04:44.271, 30.01, -0.01, 0.08, 21, -0.00, -17507.10
18:04:45.324, 30.03, -0.03, -0.83, 0, 0.34, 0.00
18:04:46.344, 30.01, -0.01, 0.14, 21, -0.00, -17507.10
18:04:47.360, 30.01, -0.01, -0.12, 0, 0.79, 0.00
18:04:48.382, 29.99, 0.01, 0.31, 21, 0.04, 577.55
18:04:49.406, 29.97, 0.03, 0.85, 42, 0.11, 376.75
18:04:50.432, 29.97, 0.03, 0.71, 42, 0.75, 56.00
18:04:51.452, 29.95, 0.05, 1.02, 42, 0.34, 124.69
18:04:52.475, 29.97, 0.03, 0.31, 21, 0.83, 25.45
18:04:53.503, 29.95, 0.05, 1.11, 42, 0.19, 225.08
18:04:54.525, 29.96, 0.04, 0.82, 42, 1.13, 37.31
18:04:55.546, 29.95, 0.05, 0.94, 42, 0.34, 124.69
18:04:56.562, 29.95, 0.05, 0.91, 42, 1.46, 28.70
18:04:57.582, 29.96, 0.04, 0.82, 42, 0.41, 101.95
18:04:58.592, 29.95, 0.05, 0.94, 42, 0.60, 70.03
18:04:59.645, 29.95, 0.05, 0.91, 42, 0.71, 58.95
18:05:00.660, 29.95, 0.05, 0.91, 42, 0.22, 187.37
18:05:01.662, 29.95, 0.05, 0.91, 42, 1.13, 37.31
18:05:02.715, 29.95, 0.05, 0.91, 42, 0.41, 101.95
18:05:03.719, 29.95, 0.05, 0.91, 42, 1.58, 26.64
18:05:04.735, 29.95, 0.05, 0.91, 42, 0.41, 101.95
18:05:05.768, 29.95, 0.05, 0.91, 42, 1.54, 27.29
18:05:06.784, 29.95, 0.05, 0.91, 42, 0.94, 44.79
18:05:07.814, 29.95, 0.05, 0.91, 42, 0.26, 160.48
18:05:08.851, 29.95, 0.05, 0.91, 42, 1.46, 28.70
18:05:09.874, 29.95, 0.05, 0.91, 42, 0.60, 70.03
18:05:10.900, 29.95, 0.05, 0.91, 42, 0.19, 225.08
18:05:11.899, 29.95, 0.05, 0.91, 42, 1.20, 34.98
18:05:12.926, 29.95, 0.05, 0.91, 42, 0.30, 140.34
18:05:13.931, 29.95, 0.05, 0.91, 42, 1.05, 39.98
18:05:14.986, 29.95, 0.05, 0.91, 42, 0.90, 46.65
18:05:15.985, 29.95, 0.05, 0.91, 42, 0.30, 140.34
18:05:17.031, 29.95, 0.05, 0.91, 42, 1.05, 39.98
18:05:18.028, 29.95, 0.05, 0.91, 42, 0.60, 70.03
18:05:19.078, 29.95, 0.05, 0.91, 42, 0.30, 140.34
18:05:20.097, 29.95, 0.05, 0.91, 42, 1.35, 31.09
18:05:21.123, 29.95, 0.05, 0.91, 42, 0.30, 140.34
18:05:22.116, 29.95, 0.05, 0.91, 42, 1.43, 29.45
18:05:23.135, 29.95, 0.05, 0.91, 42, 0.64, 65.90
18:05:24.165, 29.95, 0.05, 0.91, 42, 0.26, 160.48
18:05:25.216, 29.96, 0.04, 0.82, 42, 1.24, 33.92
18:05:26.209, 29.96, 0.04, 0.68, 42, 0.34, 124.69
18:05:27.230, 29.97, 0.03, 0.40, 21, 1.05, 19.99
18:05:28.264, 29.97, 0.03, 0.51, 21, 0.22, 93.68
18:05:29.279, 29.99, 0.01, -0.09, 0, 0.83, 0.00
18:05:30.301, 29.98, 0.02, 0.54, 21, -0.00, -17507.10
18:05:31.345, 29.99, 0.01, 0.05, 0, 0.11, 0.00
18:05:32.374, 30.01, -0.01, -0.43, 0, 0.04, 0.00
18:05:33.378, 30.03, -0.03, -0.83, 0, -0.00, 0.00
18:05:34.398, 30.02, -0.02, -0.20, 0, -0.00, 0.00
18:05:35.416, 30.05, -0.05, -1.28, 0, -0.00, 0.00
18:05:36.444, 30.05, -0.05, -0.97, 0, 0.04, 0.00
18:05:37.461, 30.05, -0.05, -0.97, 0, -0.00, 0.00
18:05:38.486, 30.05, -0.05, -0.97, 0, 0.04, 0.00
18:05:39.506, 30.05, -0.05, -0.97, 0, -0.00, 0.00
18:05:40.561, 30.05, -0.05, -0.97, 0, -0.00, 0.00
18:05:41.570, 30.05, -0.05, -0.97, 0, 0.04, 0.00
18:05:42.591, 30.05, -0.05, -0.97, 0, -0.00, 0.00
18:05:43.600, 30.05, -0.05, -0.97, 0, -0.00, 0.00
18:05:44.622, 30.05, -0.05, -0.97, 0, -0.00, 0.00
18:05:45.644, 30.05, -0.05, -0.97, 0, 0.04, 0.00
18:05:46.660, 30.05, -0.05, -0.97, 0, -0.00, 0.00
18:05:47.689, 30.05, -0.05, -0.97, 0, -0.00, 0.00
18:05:48.713, 30.05, -0.05, -0.97, 0, -0.00, 0.00
18:05:49.724, 30.05, -0.05, -0.97, 0, -0.00, 0.00
18:05:50.775, 30.05, -0.05, -0.97, 0, -0.00, 0.00
18:05:51.777, 30.05, -0.05, -0.97, 0, -0.00, 0.00
18:05:52.821, 30.05, -0.05, -0.97, 0, -0.00, 0.00
18:05:53.849, 30.05, -0.05, -0.97, 0, -0.00, 0.00
18:05:54.845, 30.05, -0.05, -1.05, 0, -0.00, 0.00
18:05:55.867, 30.05, -0.05, -0.94, 0, 0.04, 0.00
18:05:56.909, 30.05, -0.05, -0.97, 0, -0.00, 0.00
18:05:57.927, 30.05, -0.05, -0.97, 0, -0.00, 0.00
18:05:58.954, 30.05, -0.05, -0.97, 0, 0.04, 0.00
18:05:59.977, 30.05, -0.05, -0.97, 0, -0.00, 0.00
18:06:00.974, 30.05, -0.05, -0.97, 0, -0.00, 0.00
18:06:02.008, 30.05, -0.05, -0.97, 0, -0.00, 0.00
18:06:03.025, 30.05, -0.05, -0.97, 0, -0.00, 0.00
18:06:04.048, 30.05, -0.05, -0.97, 0, -0.00, 0.00
18:06:05.075, 30.05, -0.05, -0.97, 0, -0.00, 0.00
18:06:06.105, 30.05, -0.05, -0.97, 0, -0.00, 0.00
18:06:07.135, 30.05, -0.05, -0.97, 0, -0.00, 0.00
18:06:08.163, 30.05, -0.05, -0.97, 0, -0.00, 0.00
18:06:09.167, 30.05, -0.05, -0.97, 0, -0.00, 0.00
18:06:10.199, 30.05, -0.05, -0.97, 0, -0.00, 0.00
18:06:11.228, 30.05, -0.05, -0.97, 0, -0.00, 0.00
18:06:12.255, 30.05, -0.05, -0.97, 0, 0.04, 0.00
18:06:13.264, 30.05, -0.05, -0.97, 0, -0.00, 0.00
18:06:14.269, 30.05, -0.05, -0.97, 0, -0.00, 0.00
18:06:15.308, 30.05, -0.05, -0.97, 0, -0.00, 0.00
18:06:16.325, 30.04, -0.04, -0.80, 0, 0.04, 0.00
18:06:17.348, 30.01, -0.01, 0.25, 21, -0.00, -17507.10
18:06:18.379, 30.03, -0.03, -0.71, 0, 0.37, 0.00
18:06:19.386, 30.04, -0.04, -0.94, 0, -0.00, 0.00
18:06:20.404, 29.97, 0.03, 1.33, 42, 0.04, 1155.10